nl_rhasspy_1|Een kat hoort immers te miauwen, en niet te praten.
nl_rhasspy_2|In andere straten is deze naam niet te vinden.
nl_rhasspy_3|Ik hoop dat mijn pagina u helpt!
nl_rhasspy_4|Nee joh, die van mij niet.
nl_rhasspy_5|Bleek ze klein te zijn joh haha!
nl_rhasspy_6|Dit mag u niet missen!
nl_rhasspy_7|Dan is Radio Mexico een aanrader!
nl_rhasspy_8|Deze vinden plaats na zeven uur.
nl_rhasspy_9|Mooi zoals je alles hebt gecombineerd.
nl_rhasspy_10|Na enkele uren was ik goed moe.
nl_rhasspy_12|Dat zou ik niet zoeken.
nl_rhasspy_13|Dan komt dat veen aan de rand van de geul bloot.
nl_rhasspy_14|En hoe oud kan een goudvis worden?
nl_rhasspy_15|Op deze overeenkomst is Nederlands recht van toepassing.
nl_rhasspy_16|Je kan niet naar het spreekuur komen.
nl_rhasspy_17|Dit kost u niets en verplicht u tot niets.
nl_rhasspy_18|Rietje erin en genieten maar.
nl_rhasspy_19|Af en toe lekker lui is gezond.
nl_rhasspy_20|Conciërge moet een saaie baan zijn.
nl_rhasspy_21|Hoe lang kun jij overleven?
nl_rhasspy_22|Je broer blijft je broer.
nl_rhasspy_24|Stuur dan nu je project in!
nl_rhasspy_25|De vraag stellen is ze beantwoorden.
nl_rhasspy_26|Jij bent de baas, ik doe wat je zegt.
nl_rhasspy_27|Via Kirgizië kwamen wij Oezbekistan binnen.
nl_rhasspy_28|Je kunt ook erg moe zijn, ja zelfs afgepeigerd.
nl_rhasspy_30|Ik zou de andere zeker niet enorm duur noemen.
nl_rhasspy_31|Onze eigen geest alleen kan dit soort kennis niet kennen.
nl_rhasspy_32|Of sluit deze melding.
nl_rhasspy_33|Waarom zou je het doen?
nl_rhasspy_34|En nu is er een eerste pagina, een begin.
nl_rhasspy_35|Dat maakt zingen in een koor zo uniek.
nl_rhasspy_36|Ieder kind vinden wij uniek.
nl_rhasspy_37|De Afsluitdijk is bijna klaar.
nl_rhasspy_38|Verder mag ik graag fietsen.
nl_rhasspy_39|Die is dan eigenlijk baas onder de baas.
nl_rhasspy_40|Het plan ontmoet bijna unaniem kritiek.
nl_rhasspy_41|Kinderen moe, jijzelf moe, partner moe.
nl_rhasspy_42|Nu bent u aan zet.
nl_rhasspy_43|Hij weet zeker dat de Ierse republiek neutraal is.
nl_rhasspy_44|Goed programma dat goed op elkaar aansluit.
nl_rhasspy_45|Haal ze van me af, haal ze van me af!
nl_rhasspy_46|Alles is mogelijk in Eindhoven!
nl_rhasspy_47|Dat vond ik zo erg.
nl_rhasspy_48|Je moet een beetje toon kunnen houden.
nl_rhasspy_49|Zeker in de randstad is dat niet te doen.
nl_rhasspy_50|Ik ga er zeker niet eten.
nl_rhasspy_51|Ben jij per direct beschikbaar?
nl_rhasspy_52|Alleen aan data heb je niets.
nl_rhasspy_53|Ook binnen een gezin doet elk kind dat op zijn eigen manier.
nl_rhasspy_54|Oké oké, je laat het voor deze keer.
nl_rhasspy_55|Maar ik denk inderdaad niet dat dat Hebreeuws zal zijn.
nl_rhasspy_56|Zeer zeker ook na uw aankoop.
nl_rhasspy_57|Tel daarbij de politie-uren.
nl_rhasspy_58|Erg veel muziek en karaoke tot's morgens vroeg.
nl_rhasspy_59|Zorg voor koffie, thee en iets lekkers dat je kan oppeuzelen.
nl_rhasspy_60|En goed voor het milieu ook!
nl_rhasspy_62|Wie ben jij en waar sta jij voor?
nl_rhasspy_63|Hallo eerste week van september!
nl_rhasspy_64|Dat zijn wij eigenlijk altijd gebleven.
nl_rhasspy_66|De hoeveelheid past zich automatisch aan.
nl_rhasspy_67|Dat zijn mensen in beweging, jij zit op dat moment in stilte.
nl_rhasspy_68|Ik maakte mijn melding en moest vervolgens mijn naam en adres opgeven.
nl_rhasspy_69|Ben jij anders dan de rest?
nl_rhasspy_70|Het is nu eind oktober.
nl_rhasspy_71|Maar wat doet Europa eigenlijk?
nl_rhasspy_72|Leuk hoor, die introductie eind juni.
nl_rhasspy_73|Daarbij is er ruimte en tijd voor gesprek.
nl_rhasspy_74|Soms ben ik net te laat met de zakdoek.
nl_rhasspy_75|Je kan dan een idee uit je buurt steunen.
nl_rhasspy_76|We zijn actief in de randstad.
nl_rhasspy_77|Bijzonder overnachten in een wijnvat.
nl_rhasspy_78|Maar je hebt zeker een punt.
nl_rhasspy_80|Dus voor iedereen die overdag nooit kan, is dit dé kans!
nl_rhasspy_81|Ik vind je buik prachtig!
nl_rhasspy_82|Grote kans dat jij dé jurk hebt gevonden!
nl_rhasspy_83|Vindt u onze tractor en onze hobby ook leuk?,
nl_rhasspy_84|Dan zijn wij uw alternatief.
nl_rhasspy_85|Mijn zus is lui en wil altijd slapen.
nl_rhasspy_86|Ze zou zich moeten schamen.
nl_rhasspy_87|Er is reuring en schwung nodig.
nl_rhasspy_88|Kortom een woning uniek in zijn soort.
nl_rhasspy_89|Je leert om geduldig te zijn.
nl_rhasspy_90|En dus niet per se uit dat kookboek!
nl_rhasspy_91|Dan komt de melding uiteindelijk bij de politie terecht.
nl_rhasspy_92|De schemering valt en bijna ook mijn oogleden.
nl_rhasspy_93|Dan kunnen wij je helpen.
nl_rhasspy_94|Het is niet duidelijk of die oud of recent is.
nl_rhasspy_95|Begin eraan en de rest zal volgen.
nl_rhasspy_96|En ben jij ook nog eens fit?
nl_rhasspy_97|Ieder seizoen heeft zijn eigen schoonheid en geeft de streek haar eigen aanblik.
nl_rhasspy_98|Welk meisje wil deze fiets nu niet?
nl_rhasspy_99|Waar is de verzekering geldig?
nl_rhasspy_100|Voor, tijdens en na een aankoop.
nl_rhasspy_101|De tekst van de verklaring moet dan worden aangepast.
nl_rhasspy_102|Schep de ui over in een kom en laat afkoelen.
nl_rhasspy_103|Dat is namelijk normaal tijdens een hypo.
nl_rhasspy_104|Er was dus een oerknal.
nl_rhasspy_105|De dame van de bar vroeg vijf euro.
nl_rhasspy_106|Hierin zijn wij dé specialist.
nl_rhasspy_107|Lady Gaga weet er alles van.
nl_rhasspy_108|Er komt geen nieuwe functionaliteit beschikbaar.
nl_rhasspy_109|De katten miauwen en lopen om ons heen.
nl_rhasspy_110|Of is die cacao dan niet bio?
nl_rhasspy_111|Laat de siroop wat afkoelen.
nl_rhasspy_112|Dat wordt zeer op prijs gesteld.
nl_rhasspy_113|Vind jij jezelf te dik of vind jij jezelf te dun?
nl_rhasspy_114|Doen ze het niet uit luiheid?
nl_rhasspy_115|Grappig man, in het Deens.
nl_rhasspy_116|Meestal zegt mijn geest dat ik moe ben.
nl_rhasspy_117|Laat Bo niet in de kou staan.
nl_rhasspy_118|De schoen is geschikt voor bergwandelingen en grof terrein.
nl_rhasspy_119|Een splinter is een lelijk ding.
nl_rhasspy_120|De eerste keer hardlopen kan ik mij nog goed herinneren.
nl_rhasspy_121|Dit werk heeft hij eind jaren tachtig gemaakt.
nl_rhasspy_122|De loonkost in België ligt hoog!
nl_rhasspy_123|Ieder draagt zijn eigen bagage.
nl_rhasspy_124|Ze bieden ook thee en koffie.
nl_rhasspy_125|De geschiedenis van uw bedrijf is de ziel van uw bedrijf.
nl_rhasspy_126|Zo oud ben ik dus, ik heb al een kleinkind.
nl_rhasspy_127|Ik ben het daar niet mee eens.
nl_rhasspy_128|Niet meer kopen is goed voor het milieu en economie.
nl_rhasspy_129|Je lichaam heeft zuurstof nodig.
nl_rhasspy_130|Zelfs de mens Jezus niet!
nl_rhasspy_131|Ik geloof dat ik eindelijk in de overgang ben.
nl_rhasspy_132|Kijk uw bestelling goed na!
nl_rhasspy_133|In dit gesprek bespreken wij uw wensen.
nl_rhasspy_134|Laat mij uw stem horen.
nl_rhasspy_135|Het milieu is elegant, mooi en schoon.
nl_rhasspy_136|Ze is gepassioneerd door verhalen.
nl_rhasspy_137|Bijvoorbeeld van toen ze nog een tienermeisje was.
nl_rhasspy_138|Dan kunt u zich aanmelden via de pagina Aanmelden.
nl_rhasspy_139|Carpoolen is goed voor het milieu, je portemonnee en de gezelligheid.
nl_rhasspy_140|Tot ik dan dat vreemde kaasje zag liggen.
nl_rhasspy_141|Ik ben Roos en negen jaar.
nl_rhasspy_142|Moet ik me nu echt slecht voelen?
nl_rhasspy_143|Het is een weekdag vandaag.
nl_rhasspy_144|Je kunt er uren naar kijken.
nl_rhasspy_145|Kwalitatief netjes, afwerking netjes, geen kritiek hier.
nl_rhasspy_146|Ik rouw er niet om.
nl_rhasspy_147|Nu beginnen de zenuwen pas echt te komen.
nl_rhasspy_148|Deze kleuren kunnen per meter worden aangepast via de configuratie.
nl_rhasspy_149|Hoe ontstaat pijn tijdens de bevalling?
nl_rhasspy_150|Daar lieten wij erg veel steken vallen.
nl_rhasspy_151|We zouden minder moeten betalen en dat zou aangepast worden.
nl_rhasspy_152|Zou best kunnen, denk ik.
nl_rhasspy_153|Gênant, dat kan ik je zeggen!
nl_rhasspy_154|Speelt het milieu een rol?
nl_rhasspy_155|Ik kan het alleen maar beamen.
:|English word show
nl_rhasspy_157|Heeft een van beiden een hartaandoening of last van astma?
nl_rhasspy_158|Eindelijk die winterkleding uit.
nl_rhasspy_159|Je hoeft niet zo nerveus te zijn, joh.
nl_rhasspy_160|Bovendien heb je aandacht voor kwaliteit, veiligheid en milieu.
nl_rhasspy_161|Maar dat gevoel blijft tot nu toe uit.
nl_rhasspy_162|Hoe erg zal die zijn?
nl_rhasspy_163|Ik zal voor jullie Berceuse spelen.
nl_rhasspy_165|Zijn ze lekker moe als ze naar bed moeten.
nl_rhasspy_167|Ben je man, vrouw, oud, jong?
nl_rhasspy_168|Meldt u zich dan nu aan.
nl_rhasspy_169|Ze zien de bui al hangen.
nl_rhasspy_170|Wat vind jij van deze ringetjes?
nl_rhasspy_171|Waar zijn dan uw goden, die gij u gemaakt hebt?
nl_rhasspy_172|Er wordt taugé van gemaakt.
nl_rhasspy_173|Ik heb liever dat je eerlijk bent over mij.
nl_rhasspy_174|Al gauw ontmoet ze allerlei mensen die haar voor een jongen aanzien.
nl_rhasspy_175|Ik was bijvoorbeeld moe aan het einde van de dag.
nl_rhasspy_177|Dan zit je op deze pagina helemaal goed!
nl_rhasspy_178|Hé ik heb iets gevonden.
nl_rhasspy_179|Mensen die er komen om zich religieus te laten vermaken.
nl_rhasspy_180|Geef daarbij aan op welke datum je aanwezig bent.
nl_rhasspy_181|Je data is altijd beschikbaar en actueel.
nl_rhasspy_182|De voering is gemaakt van textiel.
nl_rhasspy_183|Denk er heel goed over na voor je die eerste kras maakt.
nl_rhasspy_184|Ik heb me altijd geuit zoals ik ben.
nl_rhasspy_185|Dan ben jij dé nieuwe collega die wij zoeken!
nl_rhasspy_186|Maar wie eet er pindakaas op straat?
nl_rhasspy_187|Dit is op loopafstand van Station Alkmaar.
nl_rhasspy_188|Best een gek idee eigenlijk.
nl_rhasspy_189|Er komt een bui aan!'
nl_rhasspy_190|Mooi dat je deze hebt geschreven!
nl_rhasspy_191|Dat had in hoofdzaak twee oorzaken.
nl_rhasspy_192|De blaadjes hangen stil aan de bomen.
nl_rhasspy_193|Welke bestemming past bij wie?
nl_rhasspy_194|Ik zou geen stap terug doen.
nl_rhasspy_195|Zwammen komen ook gemakkelijk onder de vloer.
nl_rhasspy_196|Differentiëren komt ook aan bod.
nl_rhasspy_197|Eeuwig leven is een eeuwige straf.
nl_rhasspy_198|De data vul je zelf in.
nl_rhasspy_199|Waarmee u dus niet vanaf nul hoeft te beginnen.
nl_rhasspy_200|Wielrennen, hardlopen of wandelen is hun hobby.
nl_rhasspy_201|Ik mag plaatsnemen in de stoel.
nl_rhasspy_202|Specialist in creëren en renoveren.
nl_rhasspy_203|Ik open mijn ogen en zucht.
nl_rhasspy_204|Gemiddeld is augustus de warmste maand.
nl_rhasspy_205|Dat is eigenlijk dubbel op.
nl_rhasspy_206|Nee, zegt de andere helft.
nl_rhasspy_207|En Lou is gek op Bob.
nl_rhasspy_208|Omdat wij veel via e-mail doen.
nl_rhasspy_209|En ik ben ook journaliste.
nl_rhasspy_210|Er komt een tsunami van data over ons heen.
nl_rhasspy_211|Dit is altijd na overleg.
nl_rhasspy_212|Dit staat in de Wet gebruik burgerservicenummer in de zorg.
nl_rhasspy_213|Waarom moet ik mij nu opnieuw aanmelden?
nl_rhasspy_214|Dagelijks is er kans op buien.
nl_rhasspy_215|Daar zijn ze nog lang niet van mij af.
nl_rhasspy_216|De zoon heeft een andere voorkeur dan mama.
nl_rhasspy_217|Het water loopt mij bijna uit mijn mond.
nl_rhasspy_218|Ede is partner binnen dit project.
nl_rhasspy_219|Zou u die aan mij willen mailen?
nl_rhasspy_220|Dus eind goed, al goed.
nl_rhasspy_221|Hoe alles geworden is, is echt fantastisch!
nl_rhasspy_222|U zit in een lastig parket.
nl_rhasspy_223|Kunt u over hen oordelen?
nl_rhasspy_224|Van de ene oever naar de andere is op loopafstand.
nl_rhasspy_225|Je bent gewoon te lui om te werken!
nl_rhasspy_226|En dit werkt verbluffend goed.
nl_rhasspy_227|Vriendelijk van begin tot eind.
nl_rhasspy_228|Maar waarom zou die Chinees geen gelijk hebben?
nl_rhasspy_229|Ze kunnen niet voor u eten.
nl_rhasspy_230|Op wie stap je af?
nl_rhasspy_231|Voor aanvullende informatie over de toegankelijkheid, zie onze website.
nl_rhasspy_232|Hij sloot zijn ogen, bijna automatisch.
nl_rhasspy_233|De kat ligt in een fauteuil rustig te slapen.
nl_rhasspy_234|Maar steeds komt de melding.
nl_rhasspy_235|Je moeder dus, niet die vrouw.
nl_rhasspy_236|Want ik weet dat Roger veel verhalen heeft.
nl_rhasspy_237|Hele foute verhalen over jezelf gesignaleerd?
nl_rhasspy_238|Ik had er voor de eerste pauze geen last van.
nl_rhasspy_239|Vraag dit zeker na bij je reisagent.
nl_rhasspy_240|Dan buig ik me over je heen.
nl_rhasspy_241|Ik zie er moe uit.
nl_rhasspy_242|Meld je snel aan voor een woensdag, zaterdag of zondag in november.
nl_rhasspy_243|Het zou kunnen dat hij speelt.
nl_rhasspy_244|Daar kun jij je bijdrage aan leveren!
nl_rhasspy_245|Dit kind is moe, en behoorlijk moe ook.
nl_rhasspy_246|Welk eten is goed voor mij en mijn kind?
nl_rhasspy_247|Aan deze pagina wordt nog gewerkt.
nl_rhasspy_248|Het blad is langwerpig van vorm en is getand.
nl_rhasspy_249|Welk wapen is daar tegen bestand?
nl_rhasspy_250|Zou dit dilemma ooit weggaan?
nl_rhasspy_251|En die spreken tot de verbeelding.
nl_rhasspy_252|Elk jaar kwamen er meer bij en elk jaar namen de lasten toe.
nl_rhasspy_253|Dat is nog steeds lager dan die van alle omringende staten.
nl_rhasspy_254|Moet uw dak vervangen worden?
nl_rhasspy_255|Zijn ze bewust doof voor wat er aan de basis leeft?
nl_rhasspy_256|Je ziet ineens een kassa opengaan.
nl_rhasspy_257|Dit was er zo een uit Taiwan.
nl_rhasspy_258|Vuurwerk kan bij dieren voor veel spanning zorgen.
nl_rhasspy_259|Komt laten wij aanbidden, komt laten wij aanbidden.
nl_rhasspy_260|Het geeft een aangenaam gevoel van gladheid.
nl_rhasspy_261|Voor iedere aannemer is de behoefte anders.
nl_rhasspy_262|Wees eens eerlijk: tof is die hè?
nl_rhasspy_263|Denkt u eraan uw eigendom te verkopen?
nl_rhasspy_264|En ja, u bent er pas net.
nl_rhasspy_265|De mensen van wie de oren gewassen worden.
nl_rhasspy_266|Een mooi eiland om over te wandelen.
nl_rhasspy_267|Zie Ierland, Griekenland en Portugal.
nl_rhasspy_268|U hebt nu het eeuwig leven.
nl_rhasspy_269|Jezus is gekwetst en laat dat zien.
nl_rhasspy_270|Sla dan nu uw slag!
nl_rhasspy_271|En Congo heet nog Zaïre.
nl_rhasspy_272|Dus nee, ook dat werkt niet.
nl_rhasspy_273|Ik kijk mijn vriendin met grote ogen aan.
nl_rhasspy_274|Ja, één keer, en dan niet meer.
nl_rhasspy_275|De tekst zou antisemitisch zijn.
nl_rhasspy_276|Dat mag je jezelf kwalijk nemen.
nl_rhasspy_277|Welk advies zou jij geven?
nl_rhasspy_278|Elk eigendom zijn uniek verhaal.
nl_rhasspy_279|Tegelijk werd de naam van de club aangepast.
nl_rhasspy_280|Ze zijn buiten de boot gevallen.
nl_rhasspy_281|Nee, je kunt niets kopiëren.
nl_rhasspy_282|Bestel de maat die uw kind in zijn kleding heeft.
nl_rhasspy_283|Dit keer was die afgesloten.
nl_rhasspy_284|Dat zou fantastisch zijn toch?
nl_rhasspy_285|De Dikke van Dam maakt er zelfs geen melding van.
nl_rhasspy_286|Een hard of zacht gekookt eitje?
nl_rhasspy_287|Hoe openen, omzetten en converteren?
nl_rhasspy_288|En dat doen ze nogal gretig.
nl_rhasspy_289|Wonen Zuid is er voor alle mensen.
nl_rhasspy_290|Dat je er slecht van zou gaan zien?
nl_rhasspy_291|Advent is de tijd van kerstliedjes.
nl_rhasspy_292|En geeft me ook niet echt het wauw-effect.
nl_rhasspy_293|Daar was ze te zenuwachtig voor.
nl_rhasspy_294|Je bent hier primair verantwoordelijk voor.
nl_rhasspy_295|En dat voor een schijntje.
nl_rhasspy_296|Ze willen ook controle over de stroom.
nl_rhasspy_297|Niet dit hier hè, wat je hier leest.
nl_rhasspy_298|Je zoekt een toffe job?
nl_rhasspy_299|Eigenlijk had ik meer verwacht van dit boek.
nl_rhasspy_300|Je bent te moe of te druk.
nl_rhasspy_301|Karen en Steven kenden elkaar goed.
nl_rhasspy_302|Het is gemakkelijk te bereiken.
nl_rhasspy_303|Is dat niet een lief gebaar?
nl_rhasspy_304|Nee uitslapen zat er zeker niet in.
nl_rhasspy_305|Je kunt bijvoorbeeld prachtig wandelen in Zwitserland of Oostenrijk.
nl_rhasspy_306|Je vindt er veel flora en fauna.
nl_rhasspy_307|Zoek je een school in Spui?
nl_rhasspy_308|Laat jij iets van je horen wanneer je in Maastricht bent?
nl_rhasspy_309|Ik pas het met liefde opnieuw voor jullie aan.
nl_rhasspy_310|Zijn humeur leed er niet onder.
nl_rhasspy_311|Dat ze in hun geloof houvast vinden?
nl_rhasspy_312|We zaten schijnbaar net aan de rand van de bui.
nl_rhasspy_313|Word de aartsvijand van onze vrienden.
nl_rhasspy_314|Meneer giraf is daar perfect voor.
nl_rhasspy_316|Je loopt op de wc af.
nl_rhasspy_317|Kogelrond zullen ze niet worden.
nl_rhasspy_318|Bent u flexibel met reizen?
nl_rhasspy_320|De vele aaitjes vond ze prachtig.
nl_rhasspy_321|De kreupele koe loopt trouwens nog steeds erg zielig rond.
nl_rhasspy_322|Bibliotheek van de Universiteit van Amsterdam.
nl_rhasspy_323|Je geeft ze bagage mee voor hun hele leven.
nl_rhasspy_324|Zorgen dat jij lekker in je vel zit.
nl_rhasspy_325|Laat het reizen aan uw gevoel over.
nl_rhasspy_326|Nee, antwoord ik, ik wil alleen slapen.
nl_rhasspy_327|Volgens mij rook ik de wasverzachter.
nl_rhasspy_328|Mag ik je e-mail hebben?
nl_rhasspy_329|Voor mij de job van mijn leven.
nl_rhasspy_330|Immers, zonder code kunt u de kist met prijs niet openen.
nl_rhasspy_331|Ideaal voor mama en kind.
nl_rhasspy_332|Deze kunnen wij uit voorraad leveren.
nl_rhasspy_333|Zeker lekker om mee onder de douche te nemen.
nl_rhasspy_334|We doen de poort dicht.
nl_rhasspy_335|De Muur hielp niet in Berlijn.
nl_rhasspy_336|Dan is de giraf iets voor u.
nl_rhasspy_337|Ze zijn niet echt schuw.
nl_rhasspy_338|Je kunt theoretisch gezien in iedere auto lesgeven.
nl_rhasspy_339|Joke is inmiddels dan bij ons komen zitten.
nl_rhasspy_340|Ik help u dit doel te bereiken.
nl_rhasspy_341|Dat is iets dat hij uit idealisme doet.
nl_rhasspy_343|De eerste plek vindt die ijdeltuit prachtig.
nl_rhasspy_344|Het paneel geeft prachtig egaal licht.
nl_rhasspy_345|Dat ziet er mooi uit.
nl_rhasspy_346|Groeten aan u en uw familie!
nl_rhasspy_347|Het ziet er prachtig uit.
nl_rhasspy_348|Veel liever maak ik zelf klei.
nl_rhasspy_349|Genezing is dan niet meer mogelijk.
nl_rhasspy_350|Op te halen vanaf eind deze maand en begin volgende maand.
nl_rhasspy_351|Maar hoe eerlijk is die vergelijking?
nl_rhasspy_352|Je hebt van die mensen die eeuwig jong blijven.
nl_rhasspy_353|De foto's aan de muur.
nl_rhasspy_354|Mama zag je dat, dat was Romy!'
nl_rhasspy_355|Laat ze in de vorm afkoelen.
nl_rhasspy_356|In deze opdracht maken we de volgende vereenvoudigingen.
nl_rhasspy_357|Gemakkelijk te installeren en te configureren.
nl_rhasspy_358|Dus ben jij aan zet.
nl_rhasspy_359|Oei oei oei, mooi plan.
nl_rhasspy_361|Maar dan moet die data er wel zijn.
nl_rhasspy_362|Het zou een concept kunnen zijn.
nl_rhasspy_363|Zoek de vrouw uit de hoofdstad van Afghanistan.
nl_rhasspy_364|Die uitslag staat al vast.
nl_rhasspy_366|Wij hebben hier geen invloed op.
nl_rhasspy_367|Dat zou pas tien jaar later gebeuren.
nl_rhasspy_368|De kleuren kunnen wij u tonen in de winkel.
nl_rhasspy_369|Wie ontmoet, ziet en hoort u?
nl_rhasspy_370|Er zit ook een tjiftjaf tussen, schaars deze dagen.
nl_rhasspy_371|Je kunt niet alles onder controle hebben.
nl_rhasspy_372|Hierdoor weet je niet altijd wat er aan de hand is in Europa.
nl_rhasspy_373|Ik kan hier nog uren over doorgaan.
nl_rhasspy_374|Dat zijn vast de nieuwe buren, dacht ik.
nl_rhasspy_375|Dit laatste is eigenlijk sterk misleidend.
nl_rhasspy_376|Zij die oren hebben horen!
nl_rhasspy_377|Moet ik mij grote zorgen maken?
nl_rhasspy_378|Voor je het weet, ben je oud.
nl_rhasspy_379|Sluit Jezus niet op in de hemel!
nl_rhasspy_380|Leuk voor jong en oud!
nl_rhasspy_381|Je zou er bijna over kijken.
nl_rhasspy_382|Dus ja, eigenlijk al best lang.
nl_rhasspy_383|Bij gemeenten werkt dat anders.
nl_rhasspy_384|Je kunt onder de vloer, die ligt open.
nl_rhasspy_385|En dit is eigenlijk alleen een mooi fietspad.
nl_rhasspy_386|Hoort thuis in elk voertuig!
nl_rhasspy_387|Je kan aangifte doen bij politie of parket.
nl_rhasspy_388|En toch leg ik mijn functie niet neer.
nl_rhasspy_389|Hoe hoog is de vergoeding?
nl_rhasspy_390|Ook deze dakbedekking is erg duurzaam.
nl_rhasspy_391|Laat ze vervolgens helemaal afkoelen.
nl_rhasspy_392|Europa heeft nieuwe verhalen nodig.
nl_rhasspy_393|En waarom zou het gebeuren?
nl_rhasspy_394|Hoe heeft hij eigenlijk kunnen leven?
nl_rhasspy_395|Dat is de aard van het vak.
nl_rhasspy_396|Lokaal ontstaat een licht buitje.
nl_rhasspy_397|Dan mis je net de golf.
nl_rhasspy_398|Café Sjiek biedt je veel meer.
nl_rhasspy_399|Nee hoor, niets van dat alles.
nl_rhasspy_400|Nu is je portemonnee al bijna klaar!
nl_rhasspy_401|Wij wachten op uw antwoord!
nl_rhasspy_402|Dat ziet er altijd wel leuk uit!
nl_rhasspy_403|in Dreumel waren het er erg veel.
nl_rhasspy_404|Nee, nee, het ziet er echt tof uit.
nl_rhasspy_405|Daar hebben ze Europa niet voor nodig.
nl_rhasspy_406|Immers, de liefde zou leuk en spannend zijn!
nl_rhasspy_407|Geef eerlijk antwoord op deze vragen.
nl_rhasspy_408|Ik zal naast u zitten.
nl_rhasspy_409|College voor Brood en Banket.
nl_rhasspy_410|Van mijn mama en mij.
nl_rhasspy_411|De foto ziet er goed uit!
nl_rhasspy_412|Hoe kwam hij ooit van de reu af?
nl_rhasspy_413|Zolang Focus leeft kan het immers altijd beter.'
nl_rhasspy_414|Hebben die lui er nog zin in?
nl_rhasspy_415|Iedere dag buffet is ons veel te veel.
nl_rhasspy_416|Kunt u uw auto eigenlijk niet missen?
nl_rhasspy_417|Dat kan u ook overkomen.
nl_rhasspy_418|Zorgen over het milieu heeft hij niet.
nl_rhasspy_419|De oorzaak moet ik nog bekijken.
nl_rhasspy_420|Maar dat is pas eind december.
nl_rhasspy_421|Door zijn vorm is deze asbak zeer stabiel.
nl_rhasspy_422|De overheid zou die sanering moeten oppakken.
nl_rhasspy_423|Het is verfoeilijk; dat staat vast.
nl_rhasspy_424|Hierin fruit je de ui op een niet te hoog vuur.
nl_rhasspy_425|Het is niet alleen van de patiënt.
nl_rhasspy_426|Aan de ene kant is dit wel dé manier om dieren te zien.
nl_rhasspy_427|Een sauna en fietsverhuur zijn beschikbaar.
nl_rhasspy_428|Uiteindelijk valt u in slaap.
nl_rhasspy_429|Leven in het veen is niet gemakkelijk.
nl_rhasspy_430|En dan nu uw vragen.
nl_rhasspy_431|Je kan twee antwoorden aankruisen.
nl_rhasspy_432|Je kunt hier voor een aanvaardbare prijs eten.
nl_rhasspy_433|De uitslag van deze stemming was duidelijk.
nl_rhasspy_434|Ik had toen niet graag geleefd, zegt hij eerlijk.
nl_rhasspy_435|Las ik niet iets in die aard?
nl_rhasspy_436|Ik kom er wel toe, ooit.
nl_rhasspy_437|Ik heb een akelig gevoel.
nl_rhasspy_439|En dan is dé dag aangebroken!
nl_rhasspy_441|Ben je aan het gluren naar mama?
nl_rhasspy_442|Zijn dat er nu echt zo veel?
nl_rhasspy_443|We hebben deze zaken voor zover mogelijk geautomatiseerd.
nl_rhasspy_444|Mama, hoe begin ik aan die taak?
nl_rhasspy_445|Hij ligt goed in de hand, is licht en dun, en is snel.
nl_rhasspy_446|En dan nog de vraag waarom.
nl_rhasspy_447|Niet omdat het geen mooi boek is.
nl_rhasspy_448|Waarom zeur ik er dan zo over?
nl_rhasspy_449|De rijkdom zit in ons hart.
nl_rhasspy_450|Hoi Romy, ten eerste gefeliciteerd met je moeder!
nl_rhasspy_451|Ruimte nodig voor uw gezin?
nl_rhasspy_452|In dit scherm kunt u meteen de beoordeling aangeven.
nl_rhasspy_453|Weet jij hoe je dit slim aanpakt?
nl_rhasspy_454|Of je kunt de verzekering niet afsluiten.
nl_rhasspy_455|Voor altviool en piano of orgel. Niet voor bugel.
nl_rhasspy_456|En niet zo gemakkelijk te beantwoorden.
nl_rhasspy_457|Wie goed doet, goed ontmoet.
nl_rhasspy_458|Hoewel je me nog steeds niet aankijkt, weet je dat ik naar je kijk.
nl_rhasspy_459|Ik zou dit bedrijf zonder meer aanraden.
nl_rhasspy_460|Waar zit nu die etiquette?
nl_rhasspy_461|Wie anders zou dat moeten doen?
nl_rhasspy_462|Neem de hele ui weg.
nl_rhasspy_463|Je zou zeggen eerlijk is eerlijk.
nl_rhasspy_464|Maar dat ging ook niet zonder aangrijpingspunt.
nl_rhasspy_465|je moestuin ziet er geweldig uit!
nl_rhasspy_466|Dit kan dus geen verrassing zijn.
nl_rhasspy_467|En dan moet een mens eerlijk nee antwoorden.
nl_rhasspy_468|Waar leeft u eigenlijk voor?
nl_rhasspy_469|Maar de uitslag komt er snel aan!
nl_rhasspy_470|Het zou eigenlijk niet nodig moeten zijn.
nl_rhasspy_471|Kunt u gemakkelijk vinden wat u zoekt?
nl_rhasspy_472|U leest er meer over op de pagina Advies.
nl_rhasspy_473|Maar dat vonden ze geen argument.
nl_rhasspy_474|Ik zie nu pas dat mensen nog vragen stellen over mijn casus.
nl_rhasspy_475|Els is echt een sociaal mens.
nl_rhasspy_476|We doen mee aan dit systeem.
nl_rhasspy_477|Wist je dat de sauna dé Finse manier van ontspannen is?
nl_rhasspy_478|Hij valt dus mooi over een tweepersoonsbed.
nl_rhasspy_479|Af en toe zal er ook nog een bui vallen.
nl_rhasspy_480|Dan is deze job wat je zoekt.
nl_rhasspy_481|Geen ruzie met de lampjes en alleen rode kerstversiering.
nl_rhasspy_482|Afspraak is afspraak en wie A zegt moet B zeggen.
nl_rhasspy_483|Dat bleek enorm goed te gaan.
nl_rhasspy_484|Je hebt daar veel steun aan.
nl_rhasspy_485|Dan komt de figuur in beweging.
nl_rhasspy_486|Of je nu jong, oud, dik of dun bent.
nl_rhasspy_487|Passend bij wie je bent.
nl_rhasspy_489|Welke voeding kies je wanneer?
nl_rhasspy_490|Vervolgens greep de politie in.
nl_rhasspy_492|Dit kan bewust of onbewust gebeuren.
nl_rhasspy_493|Nee, zegt ze, die ken ik niet.
nl_rhasspy_495|En kocht u een andere klapstoel?
nl_rhasspy_496|Het laat zich goed buigen.
nl_rhasspy_497|Een feest voor het hele gezin.
nl_rhasspy_498|Ik heb dat ding één keer gedragen en er is niet veel meer van over.
nl_rhasspy_499|Nee verkopen doet hij liever niet.
nl_rhasspy_500|Wij gaan echter nog verder.
nl_rhasspy_501|Buik van streek, moe, slapjes.
nl_rhasspy_502|En ik leef van pauze naar pauze.
nl_rhasspy_503|En ja hoor, dat werkt!
nl_rhasspy_504|Maar weet je niet meer van wie?
nl_rhasspy_505|Ga dan voor een vakantiebaan in Ede!
nl_rhasspy_506|Ze is wel eens moe, geeft ze toe.
nl_rhasspy_508|Niet dat er geen controle op de macht hoeft te zijn.
nl_rhasspy_509|Eind goed al goed dus.
nl_rhasspy_510|Iedere situatie en ieder kind is uniek.
nl_rhasspy_511|Het zal haar deugd doen.
nl_rhasspy_512|Dat zeer jeugdige kinderen daartoe niet in staat zijn, is duidelijk.
nl_rhasspy_513|Het is dé tijd van gezelligheid en lekker eten.
nl_rhasspy_514|De oerknal zullen we daar echter niet vinden.
nl_rhasspy_515|Welke rol speelt voeding hierin?
nl_rhasspy_516|Geen idee of ik het nog kan?
nl_rhasspy_517|Wij verdiepen ons in uw situatie en adviseren u op maat.
nl_rhasspy_518|De ijsvogel kan zich daar nestelen.
nl_rhasspy_519|Waar uw kind thuis is.
nl_rhasspy_520|En dat was geen kleinigheid.
nl_rhasspy_521|In welke staat is de accu?
nl_rhasspy_522|Alles is goed aan dit museum.
nl_rhasspy_523|Een week later is de bank failliet.
nl_rhasspy_524|En dat is mooi voor jullie, maar ook leuk voor ons.
nl_rhasspy_525|Uniek met eigen foto of tekst.
nl_rhasspy_526|Het politiedossier geeft geen eenduidig antwoord.
nl_rhasspy_527|Geen idee hoe ik dat moet doen.
nl_rhasspy_528|Oud worden moet tenslotte wel leuk zijn.
nl_rhasspy_529|Degene die dat doet, hoef ik er niet op aan te spreken omdat die man niet aanspreekbaar is.
nl_rhasspy_530|Meer weten over dit initiatief?
nl_rhasspy_531|Nee, ben je boos en oud?
nl_rhasspy_533|Ik hoop dat u mij kunt helpen.
nl_rhasspy_534|Zou het dan vandaag lukken?
nl_rhasspy_535|Vind hier vele varianten en kleuren!
nl_rhasspy_536|Ik wist dat mijn vader het niet zou overleven.
nl_rhasspy_537|Ik vind dat een mooi gebaar.
nl_rhasspy_538|Focus daar je verhaal op.
nl_rhasspy_539|Een aanwinst voor uw zaak!
nl_rhasspy_540|En dat kunnen wij niet zonder uw hulp!
nl_rhasspy_541|Plan je vakantie in Friesland.
nl_rhasspy_542|Volgens mij moest je er om lachen.
nl_rhasspy_543|Mijn mening is dan ook onveranderd.
nl_rhasspy_544|Dan lees je op deze pagina hoe dat moet.
nl_rhasspy_545|De Finse wegen lopen meestal door de bossen.
nl_rhasspy_546|Een verhaaltje over de kinderen.
nl_rhasspy_547|Af en toe eet je iets omdat je het lekker vindt.
nl_rhasspy_548|Auto uit en naar binnen maar.
nl_rhasspy_549|De vijfde kaart moet je aan jezelf geven.
nl_rhasspy_550|Maar hoe begin je er aan?
nl_rhasspy_551|Zo dacht haar grootvader er al over.
nl_rhasspy_552|Bijna met mijn mama op vakantie.
nl_rhasspy_553|Voor een moeder is haar gezin alles.
nl_rhasspy_554|U weet niet welke maat te bestellen?
nl_rhasspy_555|Nee, u kunt direct beginnen!
nl_rhasspy_556|Wij willen dat mama altijd bij ons is.
nl_rhasspy_557|Dan maak je van je woning een kunstwerk.
nl_rhasspy_558|Omdat je het alleen zijn beu bent?
nl_rhasspy_559|Maar nu zijn we best wel moe eigenlijk.
nl_rhasspy_560|Met zorg voor het milieu dus.
nl_rhasspy_561|De abdij staat te koop.
nl_rhasspy_562|Zorg ervoor dat uw auto u niet in de kou laat staan!
nl_rhasspy_563|Was het voor de herneming?
nl_rhasspy_565|Ik denk na over eten.
nl_rhasspy_566|Het was zijn eigen schuld.
nl_rhasspy_567|Welk bestand moet ik nu aanpassen??
nl_rhasspy_568|Omdat het hoort bij de leeuw.
nl_rhasspy_569|Nee ze waren lekker actief.
nl_rhasspy_570|Van scheuren in de wand valt iets leren.
nl_rhasspy_571|Je leest er meer over in dit artikel.
nl_rhasspy_572|Niet handig kan ik je zeggen.
nl_rhasspy_573|om er een paar van onlangs te noemen.
nl_rhasspy_574|Laat uw licht dus schijnen in mijn duisternis.
nl_rhasspy_575|Is er een theoretisch examen?
nl_rhasspy_576|En waarom mag niet elk Europees land meedoen?
nl_rhasspy_577|Er stond een vrouw op een ladder.
nl_rhasspy_578|Vind je dat geen grappig woord?
nl_rhasspy_579|Meestal ontstaat schade aan je auto ook zonder dat jij daar iets aan kan doen.
nl_rhasspy_580|Ik laat me hierin leiden door mijn nieuwsgierigheid.
nl_rhasspy_581|Moe waren de dames zeker, dat is wel duidelijk.
nl_rhasspy_582|Hoe wij dit bereiken, leest u op deze pagina.
nl_rhasspy_583|U bent niet in vorm.
nl_rhasspy_584|Dat eeuwig gevoel van liefde.
nl_rhasspy_585|De inhoud is bij voorkeur niet commercieel!
nl_rhasspy_586|Je hebt nog mazzel gehad met dat treinverkeer.
nl_rhasspy_587|Ook dit kan handig zijn in het gangpad.
nl_rhasspy_588|Nu is de kerkdeur wel open.
nl_rhasspy_589|Kies dan voor een hoger abonnement.
nl_rhasspy_590|Het hele geintje werkt dus niet.
nl_rhasspy_591|Vul alle gegevens in en maak uw bestelling af.
nl_rhasspy_592|Jezelf proberen te kennen, jezelf proberen te begrijpen.
nl_rhasspy_593|Ik ben wie ik ben.
nl_rhasspy_594|Toch is de controle aangekondigd.
nl_rhasspy_595|Je zou er in kunnen verdwalen.
nl_rhasspy_596|Ze vinden ze erg gaaf en handig.
nl_rhasspy_597|Dat zou uniek zijn in de geschiedenis van de Senaat.
nl_rhasspy_598|Na een klein half uur zit je dan al in de bossen.
nl_rhasspy_599|Waarom andere sloten en sleutels?
nl_rhasspy_600|Je kan er veel mee aanpassen.
nl_rhasspy_601|Ze af en toe corrigeren, kan ook geen kwaad.
nl_rhasspy_602|Je mag komen zoals je bent.
nl_rhasspy_603|In veel gevallen handelen wij automatisch.
nl_rhasspy_604|Dit zijn insuline en glucagon.
nl_rhasspy_605|Ik leg het u uit.
nl_rhasspy_606|Vul dan het aanvraagformulier lidmaatschap in.
nl_rhasspy_607|Mijn lief en ik wonen nu een dik jaar in ons huisje in Zagreb.
nl_rhasspy_609|Dat u uw mening laat horen.
nl_rhasspy_610|Je doet het goed en bent sterk en moedig.
nl_rhasspy_611|Een mooi, jong en creatief bedrijf.
nl_rhasspy_612|Wat super goed is trouwens.
nl_rhasspy_614|Een gevoel dat er iets is dat de mens nu zou moeten doen.
nl_rhasspy_615|Bijna tien jaar waren er in Algiers geen aanslagen.
nl_rhasspy_616|Een rijkdom, die zoals alle rijkdom relatief is.
nl_rhasspy_617|De woning is eigendom van de vrouw.
nl_rhasspy_618|De verf laat zich gemakkelijk verwerken.
nl_rhasspy_620|Ze knikken meestal altijd of zeggen ja en nee.
nl_rhasspy_621|In de brief staat hoe u dat kunt doen.
nl_rhasspy_622|Denk niet te veel na over de verandering.
nl_rhasspy_623|Dit keer voor controle en om te bespreken hoe nu verder.
nl_rhasspy_624|De volgende keer zijn ze te oud.
nl_rhasspy_625|Meer controle zou voor de hand hebben gelegen.
nl_rhasspy_627|Bestel hier uw papieren abonnement.
nl_rhasspy_628|Scheelt dus niet zo veel, valt reuze mee.
nl_rhasspy_629|Hoe kan je dat gezicht zien zonder mededogen en zelfs liefde te voelen?
nl_rhasspy_630|Nog nooit hebt u voor uw euro zo veel gekregen.
nl_rhasspy_631|De euro wordt minder waard.
nl_rhasspy_632|Of de printer ook naar Europa komt, is nog niet bekend.
nl_rhasspy_633|Dat komt door de zandgrond.
nl_rhasspy_634|Af en toe een winkel in.
nl_rhasspy_635|Dat komt door de vervuiling.
nl_rhasspy_636|Ziet er wel heel erg grappig uit.
nl_rhasspy_637|De golven en branding kwamen steeds dichterbij.
nl_rhasspy_638|Plaats de andere kant van de mal er boven op.
nl_rhasspy_639|De andere twee zitten nog vast.
nl_rhasspy_640|Laat je dan niet in het ootje nemen.
nl_rhasspy_641|Zo eerlijk bent u wel.
nl_rhasspy_642|Dit is de aangifte van verhuizing.
nl_rhasspy_643|Meld je niet op het laatste nippertje af.
nl_rhasspy_644|Wat zeg je nu eigenlijk?
nl_rhasspy_645|Heeft u zich gerealiseerd wie eigenlijk aansprakelijk is voor welke lasten?
nl_rhasspy_646|Ik sluit mij er bij aan.
nl_rhasspy_647|De rest neemt dit idee ook over.
nl_rhasspy_648|Maar dan wou hij wel informatie hebben.
nl_rhasspy_649|En zo is de cirkel rond.
nl_rhasspy_650|Meubilair zag er oud en op uit, maar de kamer zelf was wel erg schoon.
nl_rhasspy_651|Het gaat er niet om wat een verkoper zelf bijzonder vindt aan de woning.
nl_rhasspy_652|Hoe komt lucht in je longen?
nl_rhasspy_653|Drie, twee, één, START!
nl_rhasspy_654|Je voelt je hier geen nummer.
nl_rhasspy_655|Beter dan wie ook.
nl_rhasspy_656|Heus ik kijk echt uit om iedereen terug te zien.
nl_rhasspy_657|Als je toch bezig bent?
nl_rhasspy_658|Maar ja, dat is toch een beetje wij van WC Eend adviseren WC Eend.
nl_rhasspy_659|Voor de laatste keer op de boot een douche nemen.
nl_rhasspy_660|De fiets van betrokkene lag er nog.
nl_rhasspy_661|Ik denk dat ik dit ga aanpassen.
nl_rhasspy_662|Thuis hebben ze geen computer, alleen op school kan hij een computer gebruiken.
nl_rhasspy_663|Ze zijn niet uw eigendom.
nl_rhasspy_664|De aard van het werk en de manier van aanpak werd helemaal anders.
nl_rhasspy_665|Maar nee het was geen collega.
nl_rhasspy_666|Wij werken hem graag voor u uit.
nl_rhasspy_667|Of wat nu als dat nog eens heel lang op zich zou laten wachten?
nl_rhasspy_668|Wie en wat is Nederland?
nl_rhasspy_669|Dat hangt af van uw gewicht, maar ook van uw lengte.
nl_rhasspy_670|Nodig je familie uit!
nl_rhasspy_671|Het is waar u behoefte aan hebt.
nl_rhasspy_672|We helpen je graag op weg.
nl_rhasspy_673|Dan kun je dit aangeven bij je visagist.
nl_rhasspy_674|Verder zou ik zeker niet gaan eten bij Toko Oen.
nl_rhasspy_675|Maar ik voel mij toch het meest thuis in Nederland.
nl_rhasspy_676|Mijn collega zei: het voelt niet lekker.
nl_rhasspy_677|Een likdoorn op uw tenen?
nl_rhasspy_678|Evenwichtig ruimte en richting geven.
nl_rhasspy_679|Uw Europa heeft het antwoord!
nl_rhasspy_680|Wauw één jaar!
nl_rhasspy_681|Je speelt nu het spel Royal Rush.
nl_rhasspy_682|Ook ging hij uit van twintig mensen in plaats van tachtig.
nl_rhasspy_683|Deze kerk is verbluffend.
nl_rhasspy_684|Ga eens buikdansen om in je lichaam te komen.
nl_rhasspy_686|Ik eet graag chocola.
nl_rhasspy_687|Ja, en de Europa Cup.
nl_rhasspy_688|Terwijl men zes euro rekent.
nl_rhasspy_689|Als er bij een vraag een bijlage hoort, dan staat dit in de vraag vermeld.
nl_rhasspy_690|Ik doe eigenlijk van alles in de winkel.
nl_rhasspy_691|Ja, zo lang is dat al geleden.
nl_rhasspy_693|Op de boot is het niet alleen maar luieren.
nl_rhasspy_694|Geen zin om mee uit te gaan.
nl_rhasspy_695|Ja, u kunt hulp krijgen bij uw aanvraag.
nl_rhasspy_696|Aanmelden om dit te volgen.
nl_rhasspy_697|We moeten van data eigenlijk direct informatie maken.
nl_rhasspy_698|Evenmin verdwijnen zij automatisch.
nl_rhasspy_699|Of gewoon bestel nu.
nl_rhasspy_700|Wel zo eerlijk.
nl_rhasspy_701|We zijn in een coalitie en we moeten elkaar kunnen verstaan.
nl_rhasspy_702|Hoe is dat voor je partner?
nl_rhasspy_703|Doe je mee?
nl_rhasspy_704|Wij raden u dan ook af om met de wagen te komen!
nl_rhasspy_705|Gemiddeld gaat het om vijfenvijftig euro per maand.
nl_rhasspy_706|Om geautomatiseerd te kunnen antwoorden?
nl_rhasspy_707|Schitterend zo op het dak van Noorwegen te staan!
nl_rhasspy_708|Sufheid kan optreden.
nl_rhasspy_709|Fietsverhuur om de hoek.
nl_rhasspy_710|En als ie dat doet, waarom zou hij dat dan bij een huis niet doen?
nl_rhasspy_711|En in de pauze?
nl_rhasspy_712|Ze huren nu een aanleunwoning.
nl_rhasspy_713|Het zag er helemaal gaaf uit.
nl_rhasspy_714|Zoals tandpasta, ijs en soep.
nl_rhasspy_715|Aanpassen is een must.
nl_rhasspy_716|Eenvoudig zelf te maken, je moet alleen wat geduld hebben.
nl_rhasspy_717|Altijd leuk om te lezen hoe het met jullie gaat.
nl_rhasspy_718|Vaak heeft u het zelf niet in de gaten, slijtage van remmen gaat geleidelijk.
nl_rhasspy_719|Dichtbij u in de buurt.
nl_rhasspy_720|De koffie staat altijd voor u klaar.
nl_rhasspy_721|Oké, enorm gechargeerd.
nl_rhasspy_722|Dit helpt het vaartuig uiteindelijk vooruit.
nl_rhasspy_723|Of ken jij collega’s die hier actief mee bezig zijn?
nl_rhasspy_724|Wat zegt onze expert?
nl_rhasspy_725|Doe je ogen dicht en sta jezelf toe om te ontspannen.
nl_rhasspy_726|Het was vast pure jaloezie.
nl_rhasspy_727|Hoe anders was het vroeger.
nl_rhasspy_728|Ik wil dat ze gewoon na elkaar gebeuren.
nl_rhasspy_729|Het kan moeilijk zijn om daar mee om te gaan.
nl_rhasspy_730|Toen dacht ik: Nee!
nl_rhasspy_731|Fietsverhuur in de straat.
nl_rhasspy_732|En nu ben ik moe.
nl_rhasspy_733|Niet goed voor de lijn, maar o zo lekker die koemelk!
nl_rhasspy_734|Sterk, dat wel, maar lauw bezweet.
nl_rhasspy_735|Toch denk ik dat promotie heel lastig wordt.
nl_rhasspy_736|Nee, eigenlijk niet.
nl_rhasspy_737|Heb nog geen manier gevonden om in de douche ook alle haren weg te scheren.
nl_rhasspy_738|Dat zou ik morgen even na moeten vragen.
nl_rhasspy_739|Ja, zeker hoor!
nl_rhasspy_740|Dit nummer gaat ook wel.
nl_rhasspy_741|Hoe is het nu met jullie?
nl_rhasspy_742|En ten tweede: waar willen wij met elkaar naar toe?
nl_rhasspy_743|Wij kunnen dan altijd je bestelling aanpassen of annuleren.
nl_rhasspy_744|Als u aanvullende informatie hebt, dan is die altijd welkom.
nl_rhasspy_745|Hoe gaat het met je?
nl_rhasspy_746|Hij neemt er een paar uit het zakje en eet ze op.
nl_rhasspy_747|Sluit nauw aan.
nl_rhasspy_748|Ja, zo lust ik nog wel een.
nl_rhasspy_749|Zij helpen u graag met al uw vragen, zodat u snel verder kunt.
nl_rhasspy_750|Met al onze reizen door Europa.
nl_rhasspy_751|Of u nog wat wil geven voor de fanfare.
nl_rhasspy_752|En als hij dan vraagt welke mayo, zeg ik mayonaise.
nl_rhasspy_753|Zij kunnen heel moeilijk een baan vinden.
nl_rhasspy_754|Automatisch open je je mond een beetje.
nl_rhasspy_755|Is Hij wel de Koning?
nl_rhasspy_756|En die duif kan praten.
nl_rhasspy_757|Mooi duurzaam meubilair is niet lelijk!
nl_rhasspy_758|De geest heeft dan altijd controle en geeft je alle bevelen om te overleven.
nl_rhasspy_759|Die moeten gewoon betalen en niet zeuren.
nl_rhasspy_760|Beetje saai dus.
nl_rhasspy_761|Grote kans dat je haar daar vindt.
nl_rhasspy_762|Ik zei dat ik zou willen zeggen goed, maar dat ik dan zou liegen.
nl_rhasspy_763|Hoe Europees ben jij?
nl_rhasspy_764|Zo weet u altijd hoe uw systeem ervoor staat.
nl_rhasspy_765|Urnen maken, daar wil ze in verder.
nl_rhasspy_766|In blauw en grijstinten.
nl_rhasspy_767|Wanneer maakt u tijd vrij voor uw aankopen of voor alle administratie?
nl_rhasspy_768|Ik was al vele jaren het huis uit.
nl_rhasspy_769|Bent u wat later?
nl_rhasspy_770|Gemakkelijk is dat niet.
nl_rhasspy_771|En maak jij ook wel eens muesli?
nl_rhasspy_773|Dus ook voor wie een beperking heeft.
nl_rhasspy_774|Niet zo janken.
nl_rhasspy_775|Aanpassen van de naam heeft dus geen effect op de werking van het formulier.
nl_rhasspy_776|Dit alles in het belang van de jeugdigen.
nl_rhasspy_777|Ik heb een schuld.
nl_rhasspy_778|Het heeft me toen mijn leven terug gegeven.
nl_rhasspy_779|U kunt hem gemakkelijk bereiken.
nl_rhasspy_780|Inmiddels staat het sein weer op groen.
nl_rhasspy_781|Het is voorzien van plexiglas, dus niet breekbaar.
nl_rhasspy_782|Ik hoef ook geen leespauze om die verklaring te lezen.
nl_rhasspy_783|Bestelling aanpassen of annuleren.
nl_rhasspy_784|Nee, ook dat gebeurde niet.
nl_rhasspy_785|Dank voor de goede organisatie.
nl_rhasspy_786|Hij is een ware specialist.
nl_rhasspy_787|Ben je moe of heb je honger?
nl_rhasspy_788|Dit doet hen deugd.
nl_rhasspy_789|Nee, zeker niet.
nl_rhasspy_790|Zie trouwens de pagina 'Waar zijn we nu?'
nl_rhasspy_791|Als het goed gaat, maak je een mooi rendement.
nl_rhasspy_792|Met kerstmuziek dus.
nl_rhasspy_793|Hoop snel weer terug te komen.
nl_rhasspy_794|Met deze presentatie ga je veel vogels leren kennen.
nl_rhasspy_795|Wie heeft iets gehoord of gezien die nacht?
nl_rhasspy_796|Die boeken zijn terecht gekomen bij Willem Tempel die daar nog wel wat in zag.
nl_rhasspy_797|Dan hebben wij dé plek voor je!
nl_rhasspy_798|Doe maar gewoon en zo.
nl_rhasspy_799|Ze hebben hun filosofie in drie zinnen geformuleerd.
nl_rhasspy_800|Een opdracht wordt pas aanvaard nadat een offerte is uitgebracht.
nl_rhasspy_801|Ze gaan er meer alcohol door drinken.
nl_rhasspy_802|Is het vrijdag, zaterdag of zondag?
nl_rhasspy_803|Ben jij flexibel beschikbaar vanaf begin juni?
nl_rhasspy_804|Loop maar eens in een flink tempo vijf keer de trap op en af.
nl_rhasspy_805|Pas op met uw planning.
nl_rhasspy_806|Ik kan je amper volgen.
nl_rhasspy_807|Creatief om zo met het team bezig te zijn.
nl_rhasspy_808|Het is je eigen keus, is het je waard?
nl_rhasspy_809|Het is en blijft maatschappelijk eigendom.
nl_rhasspy_810|Heel bijzonder en wat hebben jullie een geduld moeten hebben (en nog steeds).
nl_rhasspy_811|Uw jurk waait dan niet meer weg.
nl_rhasspy_812|Om uit te vinden en opnieuw uit te vinden.
nl_rhasspy_813|Ik zou er het geduld niet voor hebben!
nl_rhasspy_814|Zo groot is de stad Utrecht nu ook weer niet.
nl_rhasspy_815|Mocht je hier hulp bij willen, dan kan je altijd bij ons terecht.
nl_rhasspy_816|En ik voel me er ook niet rot bij.
nl_rhasspy_817|Ah daar ben je dan.
nl_rhasspy_818|Snel de fietsen van het dak en alle bagage uit de volgauto.
nl_rhasspy_819|U moet uw administratie aanpassen.
nl_rhasspy_820|U moet niet.
nl_rhasspy_821|Wie zoekt gij?
nl_rhasspy_822|Zo heeft uw kind het nooit te koud.
nl_rhasspy_823|We hopen dat ze nog lang bij onze fanfare muziek blijven maken.
nl_rhasspy_824|Een hele uitdaging dus.
nl_rhasspy_825|Er is nog een andere reden om over de voetgangersbrug te gaan.
nl_rhasspy_826|En dat je daar verhalen hoort over hoe het daar is.
nl_rhasspy_827|En ze speelt heel enthousiast.
nl_rhasspy_828|Ik maak er gewoon zelf zo één!
nl_rhasspy_829|Dit meetinstrument is snel en eenvoudig in gebruik.
nl_rhasspy_830|Tim is niet moe, maar heeft het ook wel gehad.
nl_rhasspy_831|Na-apen is ook leuk.
nl_rhasspy_832|Als het ook nog geluid maakt zal het een grote aantrekkingskracht tot je baby hebben.
nl_rhasspy_833|Hoe absurd kan het zijn.
nl_rhasspy_834|Oeps, twaalf jaar?
nl_rhasspy_835|De zelfgemaakte soep was geweldig.
nl_rhasspy_836|Waarom dat is ga ik proberen uit te leggen.
nl_rhasspy_837|De stad is al zo oud.
nl_rhasspy_838|Ze zijn verplicht die Europees aan te besteden.
nl_rhasspy_839|Zoekend naar troost. Wie troost mij?
nl_rhasspy_840|Zodra ik meer heb dan laat ik je dat weten.
nl_rhasspy_841|De regering heeft aangekondigd om met een plan van aanpak te komen.
nl_rhasspy_842|Uw rijbewijs blijft dan geldig.
nl_rhasspy_843|Neem contact op voor meer informatie over de mouterij!
nl_rhasspy_844|Het gaat om een schuur die is aangebouwd.
nl_rhasspy_845|Alleen God kan dat doen.
nl_rhasspy_846|Men kan ieder soort geschenk geven, zoals geld of voedsel.
nl_rhasspy_847|Laat het ons weten als u op vakantie gaat.
nl_rhasspy_848|Maar het is wel erg mooi!
nl_rhasspy_849|Als je vandaag een verhoging aanvraagt bij Ben gaat deze morgen al in.
nl_rhasspy_850|Dit alles is in een handomdraai in te stellen voor iedere gebruiker.
nl_rhasspy_851|Dank, dank aan iedereen die de moeite nam me daar meer informatie over te sturen.
nl_rhasspy_852|En met wie en hoe?
nl_rhasspy_853|We zien in de agenda veel aanknopingspunten waar wij graag onze bijdrage aan leveren.
nl_rhasspy_854|Zijn er dan toch zinnen die wel werken?
nl_rhasspy_855|Man, vrouw, oud of jong, iedereen is welkom.
nl_rhasspy_856|Andere dagen eet je chips, drink je bier en lig je lui op de bank.
nl_rhasspy_857|Ik voelde me zo oud en depressief, echt rot.
nl_rhasspy_858|Doe het graag zo eerlijk mogelijk.
nl_rhasspy_859|Mijn vader is zeer op haar gesteld.
nl_rhasspy_860|Als je pc zegt dat er te weinig geheugen is dan is dat ook zo.
nl_rhasspy_861|Steeds in overleg met u.
nl_rhasspy_862|Mijn geheugen laat me een beetje in de steek, geloof ik.
nl_rhasspy_863|Ik mag weer lopen!
nl_rhasspy_864|Je bent representatief en commercieel ingesteld.
nl_rhasspy_865|Denk bijvoorbeeld aan moe zijn, geen zin hebben, het is slecht weer enzovoort.
nl_rhasspy_866|Zo ja, wat kan ik er tegen doen?
nl_rhasspy_867|Nee, ook niet omdat je dan beter vindbaar bent.
nl_rhasspy_868|Dus hoort hij ook hier.
nl_rhasspy_869|Eigendom hoort absoluut te zijn.
nl_rhasspy_870|Wie het weet, mag het zeggen!
nl_rhasspy_871|Er kan altijd nog meer bij.
nl_rhasspy_872|Ik mag ook al mee lekker wandelen naar het park en langs de rivier.
nl_rhasspy_873|Dat kwam in het programma goed tot uiting.
nl_rhasspy_874|Wil jij graag winnen?
nl_rhasspy_875|U moet er zelf nog heet water bij doen en goed schudden.
nl_rhasspy_876|Wist u dat u uw bestelling van deur tot deur kunt volgen?
nl_rhasspy_877|Hoe moet dat gezin aan de kost komen?
nl_rhasspy_878|Kostprijs: zes miljoen euro.
nl_rhasspy_879|Vragen of gewoon nieuwsgierig?
nl_rhasspy_880|Bij het hotel is er een fietsverhuur.
nl_rhasspy_881|Wij proberen dan binnen twee dagen contact met u op te nemen.
nl_rhasspy_882|Hoe bijzonder wil je het hebben?
nl_rhasspy_883|Dit was niet wat je wou.
nl_rhasspy_884|Normaal zijn we niet zo eerlijk!
nl_rhasspy_885|De aanhouder wint!
nl_rhasspy_886|Dat doet de gemiddelde Duitse herder hem niet na!
nl_rhasspy_887|Nu jullie nog.
nl_rhasspy_888|Bye bye basisschool!
nl_rhasspy_889|En wat een toffe vrouw is Roos.
nl_rhasspy_890|Om je weer te laten genieten in plaats van er bang voor te zijn.
nl_rhasspy_891|Europa is mooi.
nl_rhasspy_892|Schrijf dan op deze pagina een recensie!
nl_rhasspy_893|Welkom in Italië.
nl_rhasspy_894|Lees dan gauw verder!
nl_rhasspy_895|Bent u altijd moe of voelt u zich overspannen?
nl_rhasspy_896|En daar was niets mis mee.
nl_rhasspy_897|Mijn voorkeur gaat absoluut uit naar een dame die wel een gesprek kan voeren.
nl_rhasspy_898|Hoe stom kan hij als baas zijn?
nl_rhasspy_899|Eindhoven zal wezen, Eindhoven zal zijn!
nl_rhasspy_900|Niet eens moe ging ik naar huis.
nl_rhasspy_901|Een boot het is eens wat anders.
nl_rhasspy_902|Je bent echt zo in de stad, maar je woont echt buiten.
nl_rhasspy_903|Bagage uit de auto.
nl_rhasspy_904|Wij zullen uw gegevens dan ook aan niemand doorgeven.
nl_rhasspy_905|Waarom woon je in een boom en niet in een wolkenkrabber?
nl_rhasspy_906|Voor de inhoud van uw jas zijn wij niet aansprakelijk.
nl_rhasspy_907|Gaat u voor een wandelvakantie?
nl_rhasspy_908|Dit wordt dé plek.
nl_rhasspy_909|In Zuid-Amerika is altijd wat te doen!
nl_rhasspy_910|En vlak voor het opdienen nog de taugé.
nl_rhasspy_911|Het spelbord wordt open gelegd.
nl_rhasspy_912|Dit heeft verder geen invloed op de vruchtbaarheid.
nl_rhasspy_913|Dus ja eigenlijk wel.
nl_rhasspy_914|Neem een handdoek of matje mee!
nl_rhasspy_915|En een al lang lopend dossier.
nl_rhasspy_916|Ik was immers nog nooit in Zweden.
nl_rhasspy_917|Dit uit zich in het lichaam in de vorm van spanning of pijn.
nl_rhasspy_918|Vaak telt dat wie het eerste is, het gelijk automatisch op zijn hand heeft.
nl_rhasspy_919|de stoelen en tafels laten aankleden.
nl_rhasspy_920|Aarzelend zet ze een voet op de eerste tree.
nl_rhasspy_921|Bij betaling worden deze stilzwijgend aanvaard.
nl_rhasspy_922|Knus en gezellig in de loungeset.
nl_rhasspy_923|En wat zou het.
nl_rhasspy_924|Sluit de USB-kabel goed aan.
nl_rhasspy_925|Ze gaan weer op stap en nemen deel aan de samenleving.
nl_rhasspy_926|En daar blijft het niet bij.
nl_rhasspy_927|Ze doen yoga om slank, fit en jong te blijven.
nl_rhasspy_928|Maar dat is meer dan loonkost alleen.
nl_rhasspy_929|Oud of jong maakt trouwens niets uit.
nl_rhasspy_930|De basis voor de overwinning werd in de eerste helft gelegd.
nl_rhasspy_931|Een uitzonderlijk hoog percentage in Italië.
nl_rhasspy_932|Hij zag hoe nodig dit is.
nl_rhasspy_933|Laat het brood buiten de oven op een rooster afkoelen.
nl_rhasspy_934|Het bleek te lukken.
nl_rhasspy_935|Het moet een verrassing zijn.
nl_rhasspy_936|Kortom op zee blijven tot de wind af ging nemen.
nl_rhasspy_937|Die zit er namelijk meteen bij!
nl_rhasspy_938|En dat dan nog wel met je eigen auto.
nl_rhasspy_939|Doe ook eens wat!
nl_rhasspy_940|Ze zeuren zo vaak, en de laatste tijd maken we er zelfs ruzie over.
nl_rhasspy_941|En tijd voor mij.
nl_rhasspy_942|Maar geen jas was perfect.
nl_rhasspy_943|Zet je strijkijzer op de stand 'wol'.
nl_rhasspy_944|Het is een thee die ik de hele dag door zou kunnen drinken.
nl_rhasspy_945|Echt, waarom deze kerel de sleutels van Nederland nog niet gekregen heeft?
nl_rhasspy_946|Vereenvoudiging is een normaal proces voor talen.
nl_rhasspy_947|Daarbij wordt onder andere naar Europa gekeken.
nl_rhasspy_948|Echt een heel mooi moment met een heel leuk verhaal!
nl_rhasspy_949|Je kiest gewoon wat bij je past.
nl_rhasspy_950|Alles nu al besloten?
nl_rhasspy_951|Kies op welke manier en hoe snel!
nl_rhasspy_952|U weet meteen waar u aan toe bent.
nl_rhasspy_953|Wij zijn heel tevreden.
nl_rhasspy_954|Ik ben moe van broccoli.
nl_rhasspy_955|Maar ik denk dat je wel een zakje voor de soep kunt gebruiken hoor.
nl_rhasspy_956|Hoe is de boterham met pindakaas?
nl_rhasspy_957|En wat is dan zo urgent dat aanscherping nodig is?
nl_rhasspy_958|Om met de deur in huis te vallen: nee, eigenlijk kan dat niet.
nl_rhasspy_959|Ik leef graag, hè, en ik moet wat te doen hebben.
nl_rhasspy_960|En van jaloezie?
nl_rhasspy_961|U kunt op deze pagina ook terecht voor het aanvraagformulier.
nl_rhasspy_962|Waar wij ook gaan, waar wij ook staan, u laat ons nooit alleen.
nl_rhasspy_963|Nu ja, alles kan.
nl_rhasspy_964|Bijvoorbeeld in een kas of de garage.
nl_rhasspy_965|Je kunt er wijn en bier proeven, maar ook chocola en kaas.
nl_rhasspy_966|Je hebt mijn aandacht wederom!
nl_rhasspy_967|U vindt bij ons wat u zoekt.
nl_rhasspy_968|Als dit op uw nieuwe aanslag staat hoeft u verder niets te doen.
nl_rhasspy_969|Europa ligt in puin.
nl_rhasspy_970|Wat vond je van de hoeveelheid tekst op deze pagina?
nl_rhasspy_971|Gewoon per zakje verpakt.
nl_rhasspy_972|Hierdoor hoef je op de dag zelf geen geld meer mee te nemen.
nl_rhasspy_973|Dat willen ze vast zo houden, of sterk verbeteren.
nl_rhasspy_974|Vroeger was dit eigendom van de abdij.
nl_rhasspy_975|Wie weet zullen wij het in Nederland ook nog wel krijgen!
nl_rhasspy_976|Op maandag is de zaak gesloten.
nl_rhasspy_977|Maakt het uit als hij er toch nooit komt?
nl_rhasspy_978|Altijd een moe gevoel?
nl_rhasspy_979|Smeuïg is 'ie zeker!
nl_rhasspy_980|Ik vind hem echt super!
nl_rhasspy_981|Dat zou ik ook willen leren.
nl_rhasspy_982|Wat is een boom eigenlijk?
nl_rhasspy_983|Bent u ook nieuwsgierig geworden?
nl_rhasspy_984|Beu om in het donker in en uit je auto te stappen?
nl_rhasspy_985|Luieren aan dek en erg veel gezien.
nl_rhasspy_986|Bomen die lekker bewegen, echt gaaf.
nl_rhasspy_987|Jong, oud, man of vrouw, iedereen is welkom.
nl_rhasspy_988|Ze zijn daar heel handig mee!
nl_rhasspy_989|Hij geeft me opnieuw het zakje aan.
nl_rhasspy_990|Ik was eigenlijk te jong om mee te doen.
nl_rhasspy_991|Zo lang ik me kan herinneren, ging de camera altijd met opa mee op pad.
nl_rhasspy_992|Uw woning aanpassen?
nl_rhasspy_993|Niet te lang stilstaan, het is koud.
nl_rhasspy_994|Religie speelt geen grote rol in zijn leven.
nl_rhasspy_995|Dit percentage is echter een gemiddelde.
nl_rhasspy_996|De tint heeft geen effect op uw zicht.
nl_rhasspy_997|Kunt u iets niet vinden of heeft u vragen?
nl_rhasspy_998|Ik ken hem heel goed, een smeerlap is hij.
nl_rhasspy_999|Wie o wie kan ons helpen?
nl_rhasspy_1000|Al voelde ik mezelf niet zo oud.
nl_rhasspy_1001|Ze zijn gewoon eetbaar.
nl_rhasspy_1002|De hond is ook welkom. We hebben ervaring met asielhonden.
nl_rhasspy_1003|Vaak wordt brandschilderen gecombineerd met glas in lood.
nl_rhasspy_1004|En dan nog een zeer klein katje.
nl_rhasspy_1005|Niet super, best aardig.
nl_rhasspy_1006|Daar ligt de sleutel.
nl_rhasspy_1007|Dit is er weer zo één zonder fietsverlichting.
nl_rhasspy_1008|Zorg dat je huis er netjes bij staat.
nl_rhasspy_1009|Het leven van een student is niet eenvoudig.
nl_rhasspy_1010|Wie o wie gaat er winnen, en welke weg gaan ze nemen?
nl_rhasspy_1011|Toch wil je niet te veel andere mensen na-apen.
nl_rhasspy_1012|Of verdwalen we in de configuratie?
nl_rhasspy_1013|Doe ook altijd aangifte bij de politie.
nl_rhasspy_1014|Zo ja, bij wie en graag toelichten.
nl_rhasspy_1015|Ga jij de uitdaging aan?
nl_rhasspy_1016|De zee is vrij van kwallen.
nl_rhasspy_1017|Moe zijn van je eigen onvermogen om de slaap te vatten.
nl_rhasspy_1018|Bang om een blauwtje te lopen?
nl_rhasspy_1019|Giet af en laat afkoelen.
nl_rhasspy_1020|Meer contactinformatie.
nl_rhasspy_1021|Net na de kerstdagen viel er nog een kerstkaartje binnen.
nl_rhasspy_1022|Leuk om te zien hoe men leeft.
nl_rhasspy_1023|Ook het gebruik van een viool deed de band opvallen.
nl_rhasspy_1024|Dit van rood naar blauw en weer naar rood?
nl_rhasspy_1025|De duisternis hield drie uur aan.
nl_rhasspy_1026|Dus ga voor goud en win!
nl_rhasspy_1027|Wil je werken bij Blauw Amsterdam?
nl_rhasspy_1028|Iedereen zit binnen en jij loopt door die regen.
nl_rhasspy_1029|Hoe sta je er sowieso op dit moment in?
nl_rhasspy_1030|Van welk deel ben je dan nog niet helemaal tevreden?
nl_rhasspy_1031|Wat kun je jezelf toch in de maling nemen.
nl_rhasspy_1032|Was de taugé.
nl_rhasspy_1033|Doe je mee? Procrastineren is niet moeilijk!
nl_rhasspy_1034|Maar ze is ook journaliste.
nl_rhasspy_1035|Hij schreef de toespraak voor De Geus.
nl_rhasspy_1036|Wel had de dood van vele vrienden hem hevig aangegrepen.
nl_rhasspy_1037|Het is vrij eenvoudig om te spelen.
nl_rhasspy_1038|Gemakkelijk om te maken, niet duur en vooral heel erg lekker.
nl_rhasspy_1039|Neem een ervaren gids mee op uw reis.
nl_rhasspy_1040|Zo wordt het een project van de school gedragen door de school.
nl_rhasspy_1041|Die kan verdwijnen, maar als het niet goed leeg is, vult het zich opnieuw.
nl_rhasspy_1042|Hier wordt van alles verkocht.
nl_rhasspy_1043|Het huis is vrij, open en zeer schoon.
nl_rhasspy_1044|Verder goed hotel: mooi zwembad en vriendelijk.
nl_rhasspy_1045|Nu wist echter de hele buurt het.
nl_rhasspy_1046|Wie oren heeft, die hore!
nl_rhasspy_1047|Dat heeft Jezus helemaal niet geleerd.
nl_rhasspy_1048|Ga ook zelf op zoek.
nl_rhasspy_1049|Op naar een echt sociaal en sterk Nederland!
nl_rhasspy_1050|Ik heb het Engels van de kinderen geleerd.
nl_rhasspy_1051|Daar haal je het aan, ja.
nl_rhasspy_1052|Vrij sporten is ook toegestaan.
nl_rhasspy_1053|Zo ook deze keer weer speciaal.
nl_rhasspy_1054|Adem in, adem uit.
nl_rhasspy_1055|Dat doe je tenslotte ook in een gesprek met je vrienden.
nl_rhasspy_1056|Inderdaad, buiten de woonkern.
nl_rhasspy_1057|Dit heet de menopauze of overgang.
nl_rhasspy_1058|Kom en stap met ons op.
nl_rhasspy_1059|Pas als alles geautomatiseerd in bestelling is gezet moet u aan het werk.
nl_rhasspy_1060|Kinderen en jeugdigen.
nl_rhasspy_1061|Vroeger wist ik nooit wanneer mijn hypo's kwamen.
nl_rhasspy_1062|Om heel voorzichtig, en met liefde en respect uit te pakken.
nl_rhasspy_1063|Eten doe ik ook al niet en heb ook gewoon geen honger.
nl_rhasspy_1064|Het is dan veel werk om dit schoon te houden.
nl_rhasspy_1065|Op de ene kant staat een vraag of aanwijzing, op de andere kant het antwoord.
nl_rhasspy_1066|Die nacht sliep Jezus niet.
nl_rhasspy_1067|Maar er stond hen een teleurstelling te wachten.
nl_rhasspy_1068|Mijn koninkrijk is niet van deze wereld.
nl_rhasspy_1069|Wie of wat zijn we eigenlijk?
nl_rhasspy_1070|Deze werkvorm gaat over hoe deze wetten gemaakt worden.
nl_rhasspy_1071|In de Nederlandse wet staat dat bijvoorbeeld kopiëren van media is toegestaan.
nl_rhasspy_1072|Wie o wie?
nl_rhasspy_1073|Dé plek om een tweedehands boot te verkopen.
nl_rhasspy_1074|Gebruik van een neologisme.
nl_rhasspy_1075|Maar het is nu zo urgent.
nl_rhasspy_1076|Maar zo heb ik het geleerd.
nl_rhasspy_1077|Maar is ie er ook in het echt?
nl_rhasspy_1078|Na overspel heb je een 'vreemde' in huis.
nl_rhasspy_1079|Rijkdom en weelde.
nl_rhasspy_1080|Moe geworden van het wandelen?
nl_rhasspy_1081|Laat hem vervolgens een uur afkoelen in de oven.
nl_rhasspy_1082|Wij kopen ook auto's in.
nl_rhasspy_1083|Commercieel gebruik van deze gegevens is niet toegestaan.
nl_rhasspy_1084|Zolang we rijden, kan me niets gebeuren.
nl_rhasspy_1085|Heel handig en representatief als u als bedrijf dat kan aantonen.
nl_rhasspy_1086|Tot dit seizoen.
nl_rhasspy_1087|Wie o wie kan mij helpen met mijn spierpijn?
nl_rhasspy_1088|Ah nu zie ik het!
nl_rhasspy_1089|Meer informatie over het huren van een fiets vind je op de pagina Fietsverhuur Amsterdam.
nl_rhasspy_1090|Doe vooral aangifte!
nl_rhasspy_1091|U mag ze zelf vullen.
nl_rhasspy_1092|Deze zal een maand na afloop worden geïncasseerd.
nl_rhasspy_1093|Maar goed het had zo moeten zijn.
nl_rhasspy_1094|Ga toch fietsen.
nl_rhasspy_1095|Zij zijn van mening dat er hier discriminatie in het spel is.
nl_rhasspy_1096|Of ja, eigenlijk alles wel, haha!
nl_rhasspy_1097|Wauw, fantastisch weer!
nl_rhasspy_1098|Deze zijn immers gericht op het verzamelen van controle en macht.
nl_rhasspy_1099|Er staat nogal wat op het spel!
nl_rhasspy_1100|Ja zeggen, maar nee doen.
nl_rhasspy_1101|Van de blauwe stof maakte ik een jurk.
nl_rhasspy_1102|En dan druk ik me nog vrij eufemistisch uit.
nl_rhasspy_1103|De basis is het document.
nl_rhasspy_1104|Meer nog het is een misdaad tegen het leven.
nl_rhasspy_1105|Even wachten tot het droog weer is, want de speurtocht is buiten.
nl_rhasspy_1106|Ik was moe.
nl_rhasspy_1107|Laat de soep afkoelen.
nl_rhasspy_1108|Vandaag stond de speurtocht op het programma.
nl_rhasspy_1109|Ze droeg het zo goed.
nl_rhasspy_1110|De dader is een man uit Bangladesh die al enkele jaren in Amerika woont.
nl_rhasspy_1111|Alles wat eetbaar is, is dan te pakken.
nl_rhasspy_1112|En of het antwoord niet bij meer Europa ligt.
nl_rhasspy_1113|Dit heet 'in verzekering stellen'.
nl_rhasspy_1114|Niet veel minder dan in het dorp Ede zelf.
nl_rhasspy_1115|Wij gaan graag het gesprek met je aan.
nl_rhasspy_1116|Hij is echt koning!
nl_rhasspy_1117|Wat is de overgang eigenlijk?
nl_rhasspy_1118|Basisschool de Duif, daar kom je verder mee!
nl_rhasspy_1119|Wie is de koning van de Anglicaanse kerk?
nl_rhasspy_1120|Hoe lichter je bagage, des te meer je mee kunt nemen.
nl_rhasspy_1121|Zo dichtbij mocht het komen voor God.
nl_rhasspy_1122|Ik wil een huisdier. Waarom geen struisvogel?
nl_rhasspy_1123|U kunt deze week van maandag tot en met zaterdag hier terecht.
nl_rhasspy_1124|Het was zo mooi, zo prachtig.
nl_rhasspy_1125|Zo is hij altijd bij de tijd.
nl_rhasspy_1126|Wat is een boek je op zeker moment waard?
nl_rhasspy_1127|Nee, we dachten van niet.
nl_rhasspy_1128|Waarom kun je?
nl_rhasspy_1129|Mijn kind is zo anders dan ik toen ik zo oud was.
nl_rhasspy_1130|Ook zonder over te hevelen vindt er een nagisting plaats.
nl_rhasspy_1131|Dan zit je op de goede pagina!
nl_rhasspy_1132|Hij maakt vrienden en is sociaal.
nl_rhasspy_1133|Volg jij mij al?
nl_rhasspy_1134|Een verbluffend lekker glas!
nl_rhasspy_1135|Lekker als tussendoortje, maar ook handig om mee te nemen naar je werk!
nl_rhasspy_1136|Waar is die dokter als je hem nodig hebt?
nl_rhasspy_1137|Dan ziet Jan de fles te staan en wijst deze aan.
nl_rhasspy_1138|Ja, je leest het goed, een grizzlybeer!
nl_rhasspy_1139|Lees de twee verslagen hier.
nl_rhasspy_1140|Hoezo volgende week is het Kerstmis?
nl_rhasspy_1141|Vraag hier om meer informatie.
nl_rhasspy_1142|Slank en lang heeft geen gang, zei ze.
nl_rhasspy_1143|Kinderen zien het nut er niet van in en vinden het saai.
nl_rhasspy_1144|U kunt de verzekering in één keer afsluiten voor het hele gezin.
nl_rhasspy_1145|En weer trekken we het bos in.
nl_rhasspy_1146|Kunnen we daar op proosten, ja?
nl_rhasspy_1147|Wat zal hij lekker slapen.
nl_rhasspy_1148|Niet ieder bedrijf is sociaal.
nl_rhasspy_1149|Wat vliegt de tijd toch.
nl_rhasspy_1150|Ideaal voor wie eens zonder kinderen op vakantie wil.
nl_rhasspy_1151|Ja, vind je het gek dat je honger hebt?
nl_rhasspy_1152|Maar je bent te lui om over te stappen.
nl_rhasspy_1153|Vanaf morgen hebt u ze in huis.
nl_rhasspy_1154|Gij zegt het: ik heb U lief Heer!
nl_rhasspy_1155|Eigendom mag van de commissie.
nl_rhasspy_1156|Wat is de configuratie?
nl_rhasspy_1157|Wellicht komen we het nooit te weten maar bijzonder blijft het wel.
nl_rhasspy_1158|Ja, en niet een paar ook!
nl_rhasspy_1159|Hij kiest zelf uit wanneer en vooral voor wie.
nl_rhasspy_1160|De tenen zijn niet mooi roze.
nl_rhasspy_1161|Een feest voor wie iets te vieren heeft.
nl_rhasspy_1162|Nu weet ik hoe het ook kan.
nl_rhasspy_1163|Maar er zou nog zo veel meer mogelijk moeten zijn.
nl_rhasspy_1164|Zit daar je grootvader tussen?
nl_rhasspy_1165|Goed laten afkoelen.
nl_rhasspy_1166|Zover gaat de overeenkomst niet.
nl_rhasspy_1167|Kunnen kinderen de hemel naar de aarde brengen?
nl_rhasspy_1168|Gooi oud brood niet weg.
nl_rhasspy_1169|Voor hen is het seminar echter niet verplicht.
