fr_rhasspy-0001|Rien de plus simple, Samuel, répondit le chasseur.
fr_rhasspy-0002|Ils se sont donc résolus à nous offrir des fleurs.
fr_rhasspy-0003|A Roubaix, plusieurs tissages gagnaient une grosse importance financière.
fr_rhasspy-0004|A bien des étages on fermait les persiennes.
fr_rhasspy-0007|A coeur vaillant, rien d'impossible
fr_rhasspy-0008|Je ne suis qu’historien.
fr_rhasspy-0009|L’apparence solide se change en submersion.
fr_rhasspy-0010|Si elle me trompe, une amie vault mieux qu’une maitresse !
fr_rhasspy-0011|A la lueur de la chandelle, il détroussa la créature.
fr_rhasspy-0012|C’est une gymnastique.
fr_rhasspy-0013|Ce n'est pas aussi joli que les flashbacks de l'Effet Papillon.
fr_rhasspy-0015|A peine exprimèrent-ils une brève satisfaction de le revoir sain et sauf.
fr_rhasspy-0016|L’aristocratie agonise, l’Angleterre grandit.
fr_rhasspy-0018|Je dis oui, tu dis non.
fr_rhasspy-0020|C’est un maitre conte !
fr_rhasspy-0021|Je décolle de paris à vingt heure deux.
fr_rhasspy-0022|L’attitude de Fabian était effrayante.
fr_rhasspy-0023|A-t-on idée d’un pareil égoïste ?
fr_rhasspy-0024|Je fais à nouveau une pause sans regarder personne.
fr_rhasspy-0026|Si le capitaine Nemo était dans sa chambre, il pouvait me voir.
fr_rhasspy-0027|Rouge-gorge, verdier, fauvette, tourterelle, Oiseaux, je vous entends, je vous connais.
fr_rhasspy-0028|C’est votre preuve faite par votre contraire.
fr_rhasspy-0029|puis-je vous offrir un mets de ma façon.
fr_rhasspy-0030|Rue Charles Deutschmann.
fr_rhasspy-0033|Je ne vous cache pas que ce sera un chef-d’œuvre, votre bateau
fr_rhasspy-0034|pourquoi un Robinson serait-il dispensé de bonne tenue ?
fr_rhasspy-0035|Je ne vous conseille pas de partir.
fr_rhasspy-0036|L’auvergnat s’endort dans sa charrette.
fr_rhasspy-0037|L’avenir se montrait donc sous un jour moins sombre.
fr_rhasspy-0038|Je ne vous demande rien qui puisse vous compromettre.
fr_rhasspy-0039|Il faut accélérer l'accès aux informations utiles.
fr_rhasspy-0040|C’est-à-dire, reprit-elle vivement
fr_rhasspy-0041|Je laissai le brave garçon babiller à sa fantaisie, sans trop lui répondre.
fr_rhasspy-0042|C’étaient trois notes de mille livres sterling chacune
fr_rhasspy-0043|Si peu que ma soif fût apaisée, j’avais cependant retrouvé quelque force.
fr_rhasspy-0044|L’eau nous gagne, pensait-il.
fr_rhasspy-0045|C’était Top, et Top me conduisit ici même, près de mon maître
fr_rhasspy-0046|L’eau sifflait en s’évaporant au contact des laves bouillonnantes
fr_rhasspy-0047|Cela arrive quand un personnage qui a été longtemps enfermé retrouve le dehors.
fr_rhasspy-0048|L’effet Docteur House.
fr_rhasspy-0049|Aglaé esquisse un sourire puis recompose son éternel personnage de Dame Importance.
fr_rhasspy-0050|L’effet est saisissant, et le public ne s’y trompe pas.
fr_rhasspy-0051|Si tu gardes sept sous, nous n’en aurons plus que deux chacun.
fr_rhasspy-0052|Sa face aquiline laurée de grosses mèches grises aspirait l'odeur du triomphe.
fr_rhasspy-0053|C’était du « feutre lincolnien », et l’île Lincoln comptait une industrie de plus
fr_rhasspy-0054|Je le suivis, et je regagnai le grand salon.
fr_rhasspy-0055|Ah s’écria Pencroff, je vois ce que c’est
fr_rhasspy-0056|Je le suivis, non sans une certaine appréhension.
fr_rhasspy-0057|Je n’ai plus d’objection à faire, répondis-je.
fr_rhasspy-0058|Sa jambe passa au travers.
fr_rhasspy-0059|L’enfant demeura immobile sur le rocher, l’œil fixe.
fr_rhasspy-0060|Je les ai remerciés de cet enseignement et ai fait mon choix.
fr_rhasspy-0061|Je les associais difficilement pendant cette course vertigineuse qui ressemblait à une chute.
fr_rhasspy-0062|Sa moitié ch’timi, fougueuse, submergea sa moitié antillaise, nonchalante, et prit le dessus.
fr_rhasspy-0063|Je les distingue parfaitement.
fr_rhasspy-0064|Je leur ai promis que j’en sélectionnerai huit, une par épisode.
fr_rhasspy-0065|Je lis des blogs, je regarde des chatons.
fr_rhasspy-0067|Sa rive droite est américaine, sa rive gauche est anglaise.
fr_rhasspy-0068|vous verrez ce que nous en ferons un jour.
fr_rhasspy-0070|Si ça marche bien, je suppose qu’il me faudra de l’aide.
fr_rhasspy-0072|C’était un maigre repas, mais, enfin, c’en était un
fr_rhasspy-0073|L’espagnol n’a pas bu.
fr_rhasspy-0074|L’espoir du gain animait son visage.
fr_rhasspy-0075|Je n’ose, reprenait Paganel.
fr_rhasspy-0076|Je l’entends remplir un verre d’eau à la salle de bains.
fr_rhasspy-0077|Je pars en week-end.
fr_rhasspy-0078|le bateau qui attendait seize Européens sur dix-sept.
fr_rhasspy-0079|Sinon, comment prouver que je suis de ceux qui ont vécu une bonne soirée ?
fr_rhasspy-0080|Passepartout nous dis: si vous nous accompagniez, ce serait un bonheur pour moi !
fr_rhasspy-0081|Je pensais que l’affaire était foutue.
fr_rhasspy-0082|L’émotion les suffoquait eux-mêmes
fr_rhasspy-0085|cet animal-là va plus vite que l’Abraham-Lincoln !
fr_rhasspy-0086|L’énorme vaisseau s’enfonçait lentement
fr_rhasspy-0087|Je pense comme vous, honnête Niklausse, répondit le bourgmestre, je pense comme vous.
fr_rhasspy-0088|Je pense qu'une des nonnes l'accompagnera.
fr_rhasspy-0090|L’épaisse ramure des arbres entretenait une ombre fraîche sur le sol
fr_rhasspy-0091|Sans compter qu’en général ils disent où ils vont.
fr_rhasspy-0092|Sans crier gare, une lumière nous aveugle.
fr_rhasspy-0094|Sans doute, un sourd finirait par y entendre à merveille.
fr_rhasspy-0096|Je me forçai à manger, malgré mes répugnances, ne voulant pas m’affaiblir.
fr_rhasspy-0097|Je me heurtai contre un mur impénétrable, et je tombai sur le roc.
fr_rhasspy-0099|qu’est-ce qu’un coin obscur dans une telle submersion de joie
fr_rhasspy-0100|L’homme est une profondeur plus grande encore que le peuple.
fr_rhasspy-0101|Sommeil de chat, sommeil d’un œil.
fr_rhasspy-0102|Je prie pour que la reine n’apprenne jamais une telle chose.
fr_rhasspy-0103|qu’un saumon de plus ne fasse chavirer votre bateau ?
fr_rhasspy-0104|Dambeton encouragea les ouvriers par les moqueries de son mufle moustachu.
fr_rhasspy-0105|Je puis dormir sur les deux oreilles !
fr_rhasspy-0106|Je questionne mon guide privé : — Ce sont des runes ?
fr_rhasspy-0107|ajoutai-je d’un ton insinuant.
fr_rhasspy-0108|Je recommençai alors un examen attentif de notre cellule.
fr_rhasspy-0109|répondit le marin, qui ne hasardait pas sans hésiter cette fâcheuse supposition.
fr_rhasspy-0110|le brave chasseur !
fr_rhasspy-0112|répondit le marin en tirant après lui le cadavre de l'animal.
fr_rhasspy-0113|Son masque facial, d’une neutralité exquise.
fr_rhasspy-0114|Sauf que nous jouons avec le feu.
fr_rhasspy-0115|Dans de nombreux endroits du monde, les marchés sont dominés par les produits hollywoodiens.
fr_rhasspy-0116|sans qu'on sache ni pourquoi ni comment.
fr_rhasspy-0117|Sauf, bien sûr, si tu es né dans la famille d’Enguerrand.
fr_rhasspy-0118|Je retente le coup, une dernière fois.
fr_rhasspy-0119|L’important était que le Bonadventure fût là, et il y est
fr_rhasspy-0120|Je mérite beaucoup mieux, la vanne est des Fatals Picards !
fr_rhasspy-0121|Son ouragan sort parfois d’une grimace.
fr_rhasspy-0122|Son pas était assuré, mais moins régulier que d’habitude.
fr_rhasspy-0123|Je m’appelle Champmathieu.
fr_rhasspy-0124|Dans la housse à ramages de son fauteuil, la vieille grommelait.
fr_rhasspy-0125|Savez-vous que chez moi on me l’apporterait maintenant
fr_rhasspy-0126|Dans la version originelle du roman, sur le blog, ce personnage se prénomme Audrey.
fr_rhasspy-0128|Seigneur, je vous rends un cœur corrompu, et une âme libertine.
fr_rhasspy-0129|Selon eux il tombait du ciel des chauves-souris avec la neige.
fr_rhasspy-0132|Son visage change d’expression aussi vite qu’un stroboscope.
fr_rhasspy-0133|Sept sur les vingt-huit que compte le château.
fr_rhasspy-0134|Dans le mouvement, j’ai balayé le carré d’herbes clairsemées.
fr_rhasspy-0136|Son œil restait fixé sur l’horizon.
fr_rhasspy-0137|L’ingénieur n’était point homme à se laisser distraire de son idée fixe
fr_rhasspy-0138|Dans les bureaux de Kunismos Consulting, toutes les mâchoires sont suspendues.
fr_rhasspy-0139|Je ne juge pas, mais bon.
fr_rhasspy-0140|L’intervention de l’inconnu était plus évidente que jamais
fr_rhasspy-0141|Ses argousins se heurtaient à une opposition passive, mais inébranlable.
fr_rhasspy-0142|Ses camarades, tous en costumes polonais, donnaient un effroyable charivari.
fr_rhasspy-0143|Ses chaussons Bob l’Éponge glissent sur le carrelage mouillé.
fr_rhasspy-0144|Dans ma main, l’argent du peigne fourmille d’énergie.
fr_rhasspy-0145|De quoi l’îlot était-il donc envahi ?
fr_rhasspy-0146|Soudain, un bruit de ferrures violemment poussées se produisit à l’intérieur du bateau.
fr_rhasspy-0148|Dans quarante-huit heures, notre réserve sera épuisée.
fr_rhasspy-0149|Ses jambes ne la portaient plus, et elle rentra.
fr_rhasspy-0151|Ses joues devinrent cramoisies, et ses yeux humides.
fr_rhasspy-0152|Dans quatre-vingt-huit heures environ, répliqua le capitaine.
fr_rhasspy-0153|Je stocke mes données sur le cloud.
fr_rhasspy-0154|Dans quinze jours, mon rhum arrangé est prêt.
fr_rhasspy-0155|Sous la mèche noire, l'œil malin d'Ulysse le surveillait.
fr_rhasspy-0158|Dans un coin quelques ferrailles d’un aspect douteux.
fr_rhasspy-0160|Sous ses pattes se trouve un chiot qu'elle compte bien garder pour elle.
fr_rhasspy-0161|L’or et l’argent ont pour eux une odeur.
fr_rhasspy-0162|Non il ne rentrera pas dans ma cave, répliqua le vigneron.
fr_rhasspy-0163|Ses poumons ne peuvent plus souffler de mots.
fr_rhasspy-0164|Ils sont souvent barbu, ou mal rasé.
fr_rhasspy-0165|Ses yeux, placés à fleur de tête, n’avaient-ils pas un développement considérable ?
fr_rhasspy-0166|Seul le onze octobre convenait à la fois dans le timing mais aussi pour l'écriture.
fr_rhasspy-0167|De Mac Kinlay, et de Landsborough, je vous dirai peu de chose.
fr_rhasspy-0168|il faut toujours mettre ça sur le dos des autres.
fr_rhasspy-0169|Seulement, il n’est pas encore fait, cet enfant.
fr_rhasspy-0170|De ce train-là, on fait du chemin.
fr_rhasspy-0171|Je ne saurais te voir aimant un homme.
fr_rhasspy-0172|De ces gonflements d’eau sortent des tonnerres.
fr_rhasspy-0173|De cette bienveillance et cette compassion qui ont sondé les abîmes de la tristesse.
fr_rhasspy-0174|L’unique lampe avait une lueur calme de veilleuse.
fr_rhasspy-0175|trois cent dix-neuf.
fr_rhasspy-0177|De grandes échappées de soleil se prolongeaient entre les nuages qui se déplaçaient rapidement.
fr_rhasspy-0178|trois cent soixante-douze deux cent quatre-vingt-dix-sept.
fr_rhasspy-0179|Je suis née à Bayonne, de famille basque.
fr_rhasspy-0180|Je suis pas doué pour ces trucs-là.
fr_rhasspy-0181|De gros nuages, écrasés contre le ciel, rendaient l’atmosphère plus obscure
fr_rhasspy-0182|Ma connexion internet est pourrave.
fr_rhasspy-0183|Sur ce, j’insiste pour boire.
fr_rhasspy-0184|Sur certains points oui…
fr_rhasspy-0185|Sur cette rive gauche, le sol était plat et remontait insensiblement vers l’intérieur
fr_rhasspy-0186|tu trouves que je fais honte à la maison.
fr_rhasspy-0187|Sur la ligne suivie par nous jusqu’ici ?
fr_rhasspy-0188|il faut que tu trouves un autre moyen de t'occuper l'esprit.
fr_rhasspy-0189|tu vas jouer au ballon avec ta soeur
fr_rhasspy-0191|Je suis un Anglais de vieille roche, monsieur !
fr_rhasspy-0192|Ai-je répondu à votre question ?
fr_rhasspy-0193|Ma mye, dit le seigneur pantois, ne criez point.
fr_rhasspy-0195|Ma vie n’était plus qu’une chute interminable.
fr_rhasspy-0196|un évier supplémentaire permet de nettoyer les mains
fr_rhasspy-0197|Je suppose que oui.
fr_rhasspy-0198|une cuve va récupérer l'eau de pluie du toit
fr_rhasspy-0199|Madame Bernardin, voulez-vous, oui ou non, que votre fils fasse ce voyage ?
fr_rhasspy-0200|Madame Cornoiller eut sur ses contemporaines un immense avantage.
fr_rhasspy-0202|Je te connais, ma fille, tu ne nous aimeras plus.
fr_rhasspy-0203|une fuite innonde la cave
fr_rhasspy-0204|Ainsi se passa cette journée du vingt-cinq mars
fr_rhasspy-0206|Je te ferais fouetter.
fr_rhasspy-0207|Suzel se voyait grande, grande, sous les rayons obliques du soleil couchant.
fr_rhasspy-0208|De ses lèvres s'échappent ces mots.
fr_rhasspy-0209|Ainsi, par vos choix personnels, vous orientez l'évolution d'internet
fr_rhasspy-0210|Sûrement la tentative serait reprise.
fr_rhasspy-0211|Madame Rasseneur, deux chopes !
fr_rhasspy-0212|Madame Taboureau n’en veut pas.
fr_rhasspy-0213|Ajoute que les vieux chevaux savent ruer, lui dit-il.
fr_rhasspy-0216|Madame, dit-il en souriant d’un air presque craintif.
fr_rhasspy-0217|De tous ces critères, il ne faut en négliger aucun.
fr_rhasspy-0218|Madame, lui dit-il, vous sortez donc avec votre cheval ?
fr_rhasspy-0220|De tous les points de l’horizon accourent des lames monstrueuses.
fr_rhasspy-0221|vous êtes un ange puisque vous prenez soin des fleurs.
fr_rhasspy-0222|vous me rendrez visite à Cape-town, n’est-il pas vrai ?
fr_rhasspy-0223|S’ils te demandaient : de quel droit es-tu heureux ?
fr_rhasspy-0225|Madeleine de Mortsauf prit Clotilde par le bras, et laissa Lucien lui parler.
fr_rhasspy-0226|vous pourrez vous occuper des cheveux du jeune homme.
fr_rhasspy-0227|T'as mangé le yaourt du frigo ?
fr_rhasspy-0228|Allez, profites-en pour aller voir ton fils.
fr_rhasspy-0229|Maintenant imagine que Loana découvre une nouvelle particule élémentaire.
fr_rhasspy-0230|« J’espère que vous aimez les powerpoint » me lance-t-il avec malice.
fr_rhasspy-0231|Delphin se risqua, saluant, s’excusant.
fr_rhasspy-0233|Demain, dès l’aube, à l’heure où blanchit la campagne, Je partirai.
fr_rhasspy-0234|Tant de misère, tant de douleurs et de désespoir étalés à nu devant eux
fr_rhasspy-0235|Demain, on l’amène au resto.
fr_rhasspy-0236|Allons, calmons-nous, Mokoum, lui dit son interlocuteur.
fr_rhasspy-0237|Maintenant, mes amis, dit Glenarvan, continuons nos recherches.
fr_rhasspy-0240|À chacun sa tâche.
fr_rhasspy-0241|Je veux dire que l’homme a un tyran, l’ignorance.
fr_rhasspy-0242|Allons, fit Pencroff, nos vaisseaux peuvent venir ici !
fr_rhasspy-0243|À chaque fois que t'as un personnage un peu trop bizarre.
fr_rhasspy-0245|Techniquement, je ne suis mort que quatre-vingt-huit secondes.
fr_rhasspy-0246|À grands coups de mandibules bruyantes et de salive sifflante.
fr_rhasspy-0247|Mais Harry Drake, stupéfié, restait à son tour immobile.
fr_rhasspy-0248|Tel maître, tel logis
fr_rhasspy-0249|Je veux un fusil !
fr_rhasspy-0250|Mais Jean Valjean est un sournois.
fr_rhasspy-0251|Je veux un rapport matin et soir, entendez-vous !
fr_rhasspy-0252|Alors Omer aperçut dans le groupe qu'ils démasquaient Elvire et Dolorès.
fr_rhasspy-0254|À l’époque, ces brouillons et ces recherches, c’était un jeu.
fr_rhasspy-0256|À mon cri de c’est le signal : on se jette sur Orion.
fr_rhasspy-0257|À nos yeux, les raisons d’abandonner le droit d’auteur sont légion.
fr_rhasspy-0258|À nous deux on a pensé le Jeudi Noir et la banque centrale américaine…
fr_rhasspy-0259|Alors ils nous ont conditionnés à nous entretuer.
fr_rhasspy-0260|Derrière le dos du ministre Impérial, la servante sourit avec grâce.
fr_rhasspy-0261|Derrière lui, le vieux sanglier n’en eut cure, il chargea.
fr_rhasspy-0262|Des Arabes, monsieur, de vrais Arabes, avec leurs chameaux ?
fr_rhasspy-0263|Je voulais lui faire plaisir en choisissant le prénom dont elle avait parlé.
fr_rhasspy-0264|Thomas Black protesta contre cette affirmation.
fr_rhasspy-0265|Des accents, inconnus de sa rhétorique, émouvaient sa voix.
fr_rhasspy-0266|Des arbres furent choisis, abattus, ébranchés, débités en poutrelles, en madriers et en planches
fr_rhasspy-0267|Des bonbons bien chargés.
fr_rhasspy-0268|Je voulus intervenir une dernière fois.
fr_rhasspy-0269|Mais bientôt les buissons se resserrèrent, les arborisations grandirent.
fr_rhasspy-0270|Alors les cris d’Owen recommencent avec plus de violence que jamais.
fr_rhasspy-0271|À vue d’œil, il m’est difficile de discerner les différences.
fr_rhasspy-0272|Alors on a mis des plots orange et blanc autour de lui.
fr_rhasspy-0273|Alors pourquoi y a-t-il du feu chez moi
fr_rhasspy-0274|Tiens, en parlant de ça, j’ai revu le pneumologue.
fr_rhasspy-0275|Ça crée des échanges thermiques… intéressants, inhabituels.
fr_rhasspy-0276|Je vous en offre deux mille dix.
fr_rhasspy-0277|Alors qu’un immeuble est en pleine alerte incendie.
fr_rhasspy-0278|Mais cela est peu probable, surtout si nous jouons habilement notre jeu.
fr_rhasspy-0279|Mais ces jours-ci plus rien n'est normal.
fr_rhasspy-0280|Ça ne pouvait évidemment pas être une coïncidence.
fr_rhasspy-0282|Je… hum… je vois la situation.
fr_rhasspy-0283|Jean Cornbutte, une longue-vue à la main
fr_rhasspy-0284|Ça tombe bien, j’ai des chapelets de réponses.
fr_rhasspy-0285|Des milliers de noms sont gravés sur ses marches.
fr_rhasspy-0287|Tom gambadait d’un air joyeux
fr_rhasspy-0288|mais il y a donc une fontaine, un puits ? dit Fergusson.
fr_rhasspy-0289|Torse gras et face osseuse.
fr_rhasspy-0290|Total : quinze mille livres.
fr_rhasspy-0292|Toucha-t-il aux pointes du Spitzberg, aux accores de la Nouvelle-Zélande ?
fr_rhasspy-0293|Des recherches furent commencées le jour même, dix-neuf février
fr_rhasspy-0294|Des retards pour toutes choses !
fr_rhasspy-0295|Jean, dit-il enfin au domestique, allumez du feu, j’ai froid.
fr_rhasspy-0296|Des rognures d’ongles dans la poubelle.
fr_rhasspy-0297|Joe fit signe qu’il entendait, mais qu’il ne voulait pas comprendre.
fr_rhasspy-0298|Des unions comme celle en cause ne peuvent que fortifier notre parti.
fr_rhasspy-0299|Mais d’habitude ça ne t’empêche pas d’aller chasser sur Hornet.
fr_rhasspy-0300|Anaxagoras enseignait que la neige est noire.
fr_rhasspy-0301|Tous ces regards qui convergent vers eux, chargés des mots qui ne sortent pas.
fr_rhasspy-0302|Descendons, dit Pencroff, et cherchons
fr_rhasspy-0303|John remit la barre dessous et brassa en pointe.
fr_rhasspy-0305|Tous ces visages blancs et roses cherchent moins le plaisir que des distractions.
fr_rhasspy-0306|Desrumaux, agonisant, mais vainqueur, avait eu, dans le partage, six sous et trois deniers.
fr_rhasspy-0307|Mais en attendant, observons et travaillons
fr_rhasspy-0308|Mais en faisant le signe des adorateurs du Dieu Unique.
fr_rhasspy-0309|Tous deux comptaient maintenant parmi les mineurs les plus heureux du camp de Vandergaart.
fr_rhasspy-0310|Deux euros vingt, s’il vous plaît.
fr_rhasspy-0311|Mais enfin, culotte, vareuse, chemise de laine, finiraient par s’user.
fr_rhasspy-0312|Deux heures après, le même bruit, les mêmes allées et venues se reproduisaient.
fr_rhasspy-0313|Deux heures après, une secousse épouvantable me réveille.
fr_rhasspy-0314|Deux heures de repos avaient suffi aux explorateurs.
fr_rhasspy-0315|Deux heures plus tard, nous achevions d’en faire le tour.
fr_rhasspy-0316|Deux hommes suffirent à cette opération.
fr_rhasspy-0317|Mais était-elle fréquentée, au moins temporairement, par les indigènes des îles voisines
fr_rhasspy-0318|Joyeux Noël à tous !
fr_rhasspy-0319|Deux hurrahs du marin lui répondirent
fr_rhasspy-0320|Après deux heures d’un travail énergique, Ned Land rentra épuisé.
fr_rhasspy-0321|Mais ici, pas un instrument quelconque, pas un ustensile.
fr_rhasspy-0322|Deux ou trois autres connaissances ont été plus humains.
fr_rhasspy-0323|Tous les symptômes d’un ouragan !
fr_rhasspy-0324|Après quelques minutes, un vif sifflement parvint à mon oreille.
fr_rhasspy-0325|Après une heure de marche, nous avions atteint une véritable forêt de sagoutiers.
fr_rhasspy-0326|Jusqu’au treize mars, notre navigation se continua dans ces conditions.
fr_rhasspy-0327|Mais il faut rompre avec tous ces gens-là !
fr_rhasspy-0328|Dès que je fus habillé, je passai dans le salon.
fr_rhasspy-0330|Désagrément de recevoir chez soi un pauvre qui est peut-être un riche
fr_rhasspy-0332|Jusqu’à ce qu’on sache qu’Enguerrand était retenu dans ces locaux.
fr_rhasspy-0333|Mais cela ne peut valoir l’île Lincoln
fr_rhasspy-0334|Après tout, Weber était ingénieur, résoudre des problèmes, c’était son boulot.
fr_rhasspy-0335|Tout autant, affirma Paganel.
fr_rhasspy-0336|Juste après que la dernière diapositive PowerPoint se soit évanouie de l’écran.
fr_rhasspy-0337|Tout à coup l’horloge sonna huit heures.
fr_rhasspy-0338|Dieu aidant, nous irons loin alors !
fr_rhasspy-0339|Dieu garde le capitaine Grant de tenter une pareille chance de salut !
fr_rhasspy-0340|Mais ils eurent un grognement de terreur.
fr_rhasspy-0342|J’accorde trois jours.
fr_rhasspy-0343|J’ai accepté, à condition d’avoir une enveloppe pour redécorer mon bureau.
fr_rhasspy-0344|Dis-le sans y mettre d’accompagnement.
fr_rhasspy-0345|Mais je sais que je dois m’approcher d’eux.
fr_rhasspy-0346|J’ai bien fait de revenir dans la région qui a bercé mon enfance.
fr_rhasspy-0347|Mais je suis occupé, monsieur, je travaille.
fr_rhasspy-0348|Mais j’ai tenu bon, mon pitchoun, tu m’entends ?
fr_rhasspy-0349|Mais j’y mettrai bon ordre, je t’assure…
fr_rhasspy-0350|J’ai déjà fait plusieurs traversées… en curieux.
fr_rhasspy-0351|Astrolabe vint à son secours et s’échoua de même.
fr_rhasspy-0353|Mais la nuit vint et enveloppa de ses ombres le houleux océan.
fr_rhasspy-0354|Dix neuf milles trois dixièmes, monsieur.
fr_rhasspy-0356|Dix ou douze fois, l'acclamation unanime ébranla les vitres, retentit dans les entrailles.
fr_rhasspy-0357|Dois-je prendre cela pour un compliment ou prendre rendez-vous avec un psy ?
fr_rhasspy-0358|J’ai encore retrouvé des brisures d’aiguilles de pin dans mes tabi.
fr_rhasspy-0359|Tout le monde rit, tout le monde est heureux.
fr_rhasspy-0360|Mais le coupable se cache bien
fr_rhasspy-0361|Donc ils ont un peu relâché la surveillance.
fr_rhasspy-0362|au-dessus de zéro !
fr_rhasspy-0363|Tout renaît de soi, chère Elvire.
fr_rhasspy-0364|J’ai fourni feu Monsieur Joseph Vernet, feu Monsieur Lekain et feu Monsieur Noverre.
fr_rhasspy-0365|Au bout de six pas notre marche fut interrompue.
fr_rhasspy-0366|au chariot !
fr_rhasspy-0367|Au fade, j’ai eu une surprise.
fr_rhasspy-0368|Du coup, Lengaigne agita furieusement son rasoir.
fr_rhasspy-0369|Au fait, il a raison, dis-je.
fr_rhasspy-0370|Mais n’y a-t-il rien à faire
fr_rhasspy-0373|J’ai pourtant la conviction que je ne me trompe pas.
fr_rhasspy-0374|Mais on ne pouvait regagner tout le temps perdu.
fr_rhasspy-0376|Au lieu de mille six cents mots par jour, faisons-en huit cents.
fr_rhasspy-0377|Au milieu de cette substruction basaltique régnait un silence imposant
fr_rhasspy-0378|Au milieu se trouve un petit cadran solaire.
fr_rhasspy-0379|Toutes deux mariaient leurs influences aux idées sorties des livres.
fr_rhasspy-0380|Mais pour attendre, allons aux Cheminées
fr_rhasspy-0381|J’ai transporté vos cantines d’huîtres depuis Bordeaux.
fr_rhasspy-0382|Du reste, je critique, mais je n’insulte pas.
fr_rhasspy-0383|Toutes les transactions redevenaient valables.
fr_rhasspy-0384|Durant leur visite, j’étais partout, orchestrant regards, positions et pensées de mes mots.
fr_rhasspy-0386|Mais quelle est donc cette montagne volcanique ?
fr_rhasspy-0387|Au poëte qui m’envoie une plume d’aigle
fr_rhasspy-0388|Au point où le marin avait laissé son train « Quels sont donc ces oiseaux ?
fr_rhasspy-0389|D’ailleurs, Florent n’avait aucun besoin.
fr_rhasspy-0391|Mais sans lui, le leader est comme un cheminot sans locomotive.
fr_rhasspy-0392|J’aime mieux une femme, dit Listolier.
fr_rhasspy-0393|Au surplus, pour vous personnellement, monsieur Watkins, soyez sans crainte !
fr_rhasspy-0394|D’ailleurs, nous marcherons peu ou pas.
fr_rhasspy-0396|Triskalia est une coopérative agricole bretonne
fr_rhasspy-0397|Mais un artilleur éperonnait son rouan, trottait sur le polytechnicien.
fr_rhasspy-0398|D’où les médocs dans le rhum.
fr_rhasspy-0399|J’apprends tout des données dont vous nourrissez les services en ligne centralisés.
fr_rhasspy-0400|J’appris que vous étiez à bord : c’était un plaisir.
fr_rhasspy-0401|D’un autre côté, l’être humain a également quelque chose de grégaire.
fr_rhasspy-0402|Aucun moyen humain ne pouvait les sauver désormais
fr_rhasspy-0404|Aucun oiseau ne traversait cette ombre.
fr_rhasspy-0406|D’une démarche carnassière, je me dirige vers le point d’eau.
fr_rhasspy-0407|Mais vous ne croyez pas qu’il fera du feu
fr_rhasspy-0410|Tu as bien entendu : ou lui ou moi.
fr_rhasspy-0411|Tu as des subventions quand tu ouvres au public.
fr_rhasspy-0413|Mais en Azerbaïdjan on ne nous croira peut-être pas
fr_rhasspy-0414|bien, je mangerais volontiers quelque chose, un rien, une volaille, un perdreau.
fr_rhasspy-0415|Mais, circonstance fâcheuse pour nous, il ne gouverne plus.
fr_rhasspy-0416|Aurai-je cru jamais voir pareille chose
fr_rhasspy-0418|Aurais-tu l’obligeance de me dégotter un petit Darjeeling ma chère ?
fr_rhasspy-0419|Tu as vu le prisonnier, notre Tohonga ?
fr_rhasspy-0420|Aussi le pas était-il l’allure la plus ordinaire de leurs montures
fr_rhasspy-0422|Tu aurais vu leur trognes.
fr_rhasspy-0423|Mais, monseigneur, les brigands ?
fr_rhasspy-0424|Aussi les plaintes contre la rigueur du temps deviennent murmures contre le prince.
fr_rhasspy-0425|Mais, quoique j’en eus, il fallut bien me rendre à l’évidence.
fr_rhasspy-0426|Aussi n’eus-je point à me repentir d’avoir quitté ma grotte obscure.
fr_rhasspy-0427|Aussi pittoresque que majestueux.
fr_rhasspy-0429|Malaga me trouve beau !
fr_rhasspy-0430|Aussi, le monde d’aujourd’hui en fait trop !
fr_rhasspy-0431|Malheureusement, ce passage ne fut pas praticable ce jour-là
fr_rhasspy-0432|Malheureusement, la plupart d’entre eux n’atteignent qu’une audience limitée, principalement familiale.
fr_rhasspy-0434|Tu es heureux de rester froid.
fr_rhasspy-0435|Martin Paz demeura silencieux, mais un combat terrible se livrait en lui.
fr_rhasspy-0437|Autre information, il faut un caractère « faible » à la place « forte » du juge.
fr_rhasspy-0438|Mathieu est un type normal.
fr_rhasspy-0439|Tu es une groupie qui fantasme sur moi.
fr_rhasspy-0440|Maxime dirait plus tard que c’était celle de Jugnot dans le Père Noël.
fr_rhasspy-0441|J’imagine que c’est pareil chez les dentistes.
fr_rhasspy-0442|Maxime secouait la tête.
fr_rhasspy-0443|Tu imagines comment les lieux ont pu être saccagés.
fr_rhasspy-0444|Eh bien, conservez-la ainsi.
fr_rhasspy-0445|J’ouvris les hostilités.
fr_rhasspy-0446|Avait-il un aiguillon oui certes, sa misère ;
fr_rhasspy-0447|Eh bien, monsieur Cyrus, demanda Pencroff, que dites-vous de notre bateau ?
fr_rhasspy-0448|Avant de quitter ce lieu, on creusa une tombe au pauvre Cortrois.
fr_rhasspy-0449|Eh bien, on le verra demain.
fr_rhasspy-0450|Avant d’entamer la partie, le joueur regarde ses cartes.
fr_rhasspy-0451|Avant huit jours, l’Abraham-Lincoln sillonnerait les flots du Pacifique.
fr_rhasspy-0452|Avant peu, il serait appelé à prendre une détermination
fr_rhasspy-0453|Eh bien, oui !
fr_rhasspy-0455|Eh bien, oui, mon brave, s’écria le reporter
fr_rhasspy-0456|Mes petits seins et mes muscles noueux.
fr_rhasspy-0457|King et Gray durent rester avec eux.
fr_rhasspy-0458|Tu ne dis rien, Brujon ?
fr_rhasspy-0459|Mes voisins sont très bruyants.
fr_rhasspy-0460|Mes yeux, imprégnés de la lumière extérieure, ne purent rien percevoir.
fr_rhasspy-0461|Avec lui, on ne pouvait manquer de rien
fr_rhasspy-0462|L'elixir de chartreuse nettoie bien l'oesophage.
fr_rhasspy-0464|Vous serez gentille, oui.
fr_rhasspy-0465|L'heure de se rendre à la Loge marquait la fin du débat.
fr_rhasspy-0466|L'humidité gagne-t-elle ses jambes ?
fr_rhasspy-0467|Elle a de la sueur dans la paume de la main.
fr_rhasspy-0468|Elle a fait en sorte que nous ne voyions rien.
fr_rhasspy-0469|Tu n’es qu’un NoéNaute, tu n’es pas encore le seul.
fr_rhasspy-0470|Michel Zorn et William Emery s’offrirent.
fr_rhasspy-0471|L'un n'empêche pas l’autre
fr_rhasspy-0473|Elle a été élevée les pieds dans les huîtres.
fr_rhasspy-0474|Elle accablait les ouvriers d’amendes, un conflit paraissait fatal.
fr_rhasspy-0475|L'évêque fit plusieurs pas, avec la crosse pastorale.
fr_rhasspy-0476|Elle accuse quelqu’un, une autre femme, ou bien Son mari.
fr_rhasspy-0477|Avez-vous obtenu de notre Saint-Père une audience à Rome ?
fr_rhasspy-0478|Avez-vous un Dieu à vous ?
fr_rhasspy-0479|Minuit sur le parking d'un sexshop.
fr_rhasspy-0480|La Bordelaise, qui pleurait, s'empara du mousquet à mèche.
fr_rhasspy-0481|La Butternut est une courge grasse et élargie en bas.
fr_rhasspy-0482|Avions-nous donc un fleuve, un lac, une mer à notre disposition ?
fr_rhasspy-0483|Elle aura empoisonné quelque homme, cette gueuse.
fr_rhasspy-0484|La Commission européenne pourrait jouer ici un rôle de soutien.
fr_rhasspy-0485|Elle avait environ dix-huit pieds de haut.
fr_rhasspy-0486|Elle avait l’œil vague et regardait sans voir, criant tout bas.
fr_rhasspy-0487|Tu sais où ça se trouve ton truc Enguerrand ?
fr_rhasspy-0488|Elle avait vu la mort.
fr_rhasspy-0490|Ayant redressé son fourneau, une blanchisseuse cherchait ses fers.
fr_rhasspy-0491|Moi je parle au présent : « Nous sommes ici, et il faut en profiter.
fr_rhasspy-0492|La Maheude fut prise de peur.
fr_rhasspy-0493|Ayez de la chance, vous aurez le reste ; soyez heureux, on vous croira grand.
fr_rhasspy-0494|Moi signe vers eux, eux téléphonent à toi.
fr_rhasspy-0496|Moi, en sueur, le visage grave, assis au milieu des draps froissés.
fr_rhasspy-0497|La Marquet ne vous a pas dénoncés à eux.
fr_rhasspy-0498|Tu sais, rentre pour la soupe, ou gare !
fr_rhasspy-0500|Tu sors d’un couvent pour entrer dans un autre !
fr_rhasspy-0501|Moi, j’ai rempli mes engagements, pas vrai ?
fr_rhasspy-0502|Elle est bien heureuse, disaient-elles.
fr_rhasspy-0503|Moi, naïf, je pense que c’était à cause de la différence d’âge.
fr_rhasspy-0504|Elle est horrible, affreusement vulgaire, et avec cela faiseuse d’embarras.
fr_rhasspy-0505|Moins on a de besoins, plus on est heureux.
fr_rhasspy-0506|Tu tombes forcément sur ce carton où un bout de foulard dépasse.
fr_rhasspy-0507|À huit heures du matin, un rayon du jour vint nous réveiller.
fr_rhasspy-0508|Elle finit de parler en portant aux yeux ses mains exangues.
fr_rhasspy-0509|À l’île Tabor, et non à l’île Lincoln
fr_rhasspy-0511|Elle le trouve charmant.
fr_rhasspy-0514|Tu viendras au guichet de la Conciergerie dans deux heures d’ici.
fr_rhasspy-0515|Tu vois les huîtres ?
fr_rhasspy-0516|Mon oncle comptait la refaire aux sources souterraines
fr_rhasspy-0517|Mon oncle employa un moyen fort simple pour s'éviter cette difficulté.
fr_rhasspy-0518|Elle mesure quatorze cents milles de surface, et ne compte que soixante mille habitants.
fr_rhasspy-0519|Elle m’aide, dit Contenson.
fr_rhasspy-0520|À sept à huit milles au moins, mais peut-être à dix.
fr_rhasspy-0521|Elle ne joue pas en bourse, elle travaille.
fr_rhasspy-0522|La clé est la création d’une chambre de compensation.
fr_rhasspy-0523|Mon opiniâtre compagnon ne me le permettait pas.
fr_rhasspy-0524|À trois heures du matin, inquiet, je montai sur la plate-forme.
fr_rhasspy-0525|Mon père qui fut élevé comme le fils de pépère.
fr_rhasspy-0526|Elle ne s'abstint pas de magnifier son explication.
fr_rhasspy-0527|Elle ne se trompait sur rien, et voyait juste.
fr_rhasspy-0528|Elle ne veut donc pas se promener avec nous ?
fr_rhasspy-0529|T’as un cœur de bœuf, mais tu te prends trop le chou.
fr_rhasspy-0530|À un vitrier, pour les vitres de ladite chambre
fr_rhasspy-0531|La comtesse prit le papier en tremblant, et balbutia de vagues paroles.
fr_rhasspy-0532|La confusion règne partout.
fr_rhasspy-0533|Monseigneur, dit un soldat, il a disparu.
fr_rhasspy-0534|Elle n’avait jamais vu de bœufs.
fr_rhasspy-0535|Monsieur Aronnax, un navire en fer coûte onze cent vingt-cinq francs par tonneau.
fr_rhasspy-0536|La corée du Nord nous réserve sans doute pas mal de surprise.
fr_rhasspy-0538|La couleur dans les plastiques fait son apparition juste avant la Seconde Guerre mondiale.
fr_rhasspy-0539|Monsieur Fabantou, oui, c’est cela, je me rappelle.
fr_rhasspy-0540|Monsieur Gillenormand traversa toutes les angoisses d’abord, et ensuite toutes les extases.
fr_rhasspy-0543|Elle poursuit sa recherche chez Amazon, son travail est sous embargo depuis.
fr_rhasspy-0546|Un bien digne jeune homme, allez !
fr_rhasspy-0547|La douleur est un interrogatoire.
fr_rhasspy-0548|Un buisson tout au plus !
fr_rhasspy-0549|Un cadavre est une poche que la mort retourne et vide.
fr_rhasspy-0550|Monsieur, j’ai vu deux beaux bœufs dans ma vie.
fr_rhasspy-0551|Monsieur, lui dit-il, tout votre petit monde a été bien éprouvé.
fr_rhasspy-0552|Un caillou qu’il n’y a rien de pire.
fr_rhasspy-0553|Un calme parfait régnait autour d’eux
fr_rhasspy-0555|Elle seule pouvait charger son amant et le perdre en avouant.
fr_rhasspy-0556|Elle sort sa clé et vient ouvrir la vitrine.
fr_rhasspy-0557|Un commissaire de la République !
fr_rhasspy-0558|dit Mac Nabbs pour tout concilier.
fr_rhasspy-0559|Ben ouais, mais comment tu sais ?
fr_rhasspy-0560|Fogg se leva, et, suivi de Fix, il se rendit sur la passerelle.
fr_rhasspy-0562|Fogg tenait encore dans sa main la main de Mrs.
fr_rhasspy-0563|Elle tend à chacun une enveloppe dodue qu'elle a puisé dans sa besace.
fr_rhasspy-0564|Muette depuis un moment, la Maheude sortait comme d’un songe.
fr_rhasspy-0565|Beurk !
fr_rhasspy-0567|Biarritz, juillet mille huit cent quarante-trois.
fr_rhasspy-0568|La froideur de cet homme est irritante.
fr_rhasspy-0569|Même le jardinier qui venait un jour par semaine avait baissé les bras.
fr_rhasspy-0570|La fuite était si grande
fr_rhasspy-0571|Elle zooma, et trouva l’endroit où le véhicule avait stationné longtemps.
fr_rhasspy-0572|La garenne fournissait toujours son contingent de lapins aux offices.
fr_rhasspy-0573|Un des matelots étendu sans connaissance.
fr_rhasspy-0574|un homme !
fr_rhasspy-0575|Elles en ont tant besoin !
fr_rhasspy-0576|Nab avait-il un moyen de prévenir son maître
fr_rhasspy-0577|Un duel avec Gargantua ?
fr_rhasspy-0578|Un d’eux s’en alla en pleurant.
fr_rhasspy-0579|Bien, Ned, dis-je en tendant la main au Canadien.
fr_rhasspy-0580|Elles ont leur loi, leur orbite, leur gravitation, en dehors de l’homme.
fr_rhasspy-0581|La hideuse chose que ces boucheries !
fr_rhasspy-0583|Bien, ne perdons pas de temps, John.
fr_rhasspy-0584|Emile Zola, dans un second article, raconte longuement tout le roman.
fr_rhasspy-0585|Bientôt il y aura condensation rapide des vapeurs, et par conséquent production d’électricité.
fr_rhasspy-0586|Ne nous inquiétons pas inutilement, il reviendra bientôt.
fr_rhasspy-0587|La laisser trébucher sur les talons de poseuse qu’elle a voulu porter.
fr_rhasspy-0588|Bientôt, il fut difficile de savoir si l'enjouement ne devenait pas sincère.
fr_rhasspy-0589|Un grand oiseau, à large envergure, très nettement visible, s’approchait en planant.
fr_rhasspy-0590|En ce cas que personne ne prononce plus jamais ce mot : incroyable.
fr_rhasspy-0591|J'ai la langue des signes française à apprendre.
fr_rhasspy-0592|Bienvenue au vingt heures de France Deux.
fr_rhasspy-0593|Un gueux.
fr_rhasspy-0594|Binchois, musicien de la Picardie !
fr_rhasspy-0596|Bixiou ne nous fera qu’une charge, reprit Blondet.
fr_rhasspy-0597|Bixiou se grisa pour la seule fois de sa vie.
fr_rhasspy-0598|Blanche baisse les yeux avec embarras.
fr_rhasspy-0599|En cet endroit s’ouvrait une magnifique grotte.
fr_rhasspy-0600|Un homme y dort.
fr_rhasspy-0601|Ne voyons dans Waterloo que ce qui est dans Waterloo.
fr_rhasspy-0602|Blondeur, robe blanche, socquettes…
fr_rhasspy-0603|Il est venu pour lui souhaiter le bonjour…
fr_rhasspy-0604|La lune projetait sur la terre, hors du massif jusqu’au banc, une ombre.
fr_rhasspy-0605|Ned connaissait la manière de traiter ces arbres.
fr_rhasspy-0606|La main affectueuse que Dorian pose sur sa cuisse ne lui provoque aucune réaction.
fr_rhasspy-0607|Ned frappait du pied.
fr_rhasspy-0608|En effet, les premières ondulations des montagnes se faisaient sentir sur la longue plaine
fr_rhasspy-0609|En écoutant les oiseaux
fr_rhasspy-0610|Ni le reporter, ni Nab ne s’y montraient.
fr_rhasspy-0611|La mer a ses fleuves comme les continents.
fr_rhasspy-0612|En huit jours, en vous conduisant ainsi, vous aurez fait bien du chemin.
fr_rhasspy-0613|Bon, hé, j’avais mes raisons d’être biaisée, peuchère…
fr_rhasspy-0614|En l’entendant, je tremble comme un enfant !
fr_rhasspy-0615|En moins de vingt minutes, nous entrions sur le territoire du Holstein.
fr_rhasspy-0616|Un oiseau qui a la forme d’une fille, quoi de plus exquis !
fr_rhasspy-0617|Nom de Dieu, oui !
fr_rhasspy-0618|En plus ça tombe bien, je connais déjà l’adresse.
fr_rhasspy-0619|Un ours !
fr_rhasspy-0621|Un ouvrier en veste le rejeta du coude, assez loin, sans même l'apercevoir.
fr_rhasspy-0622|Nombreux sont ceux, parmi ces droits, qui s’étendent loin dans le futur.
fr_rhasspy-0623|le soleil est un astre des hautes zones et des pays chauds.
fr_rhasspy-0624|En secouant sa perruque, le Roy luy promit de le rendre content.
fr_rhasspy-0625|Un passage, rien de plus.
fr_rhasspy-0626|Bonsoir, bonsoir, ma brave femme.
fr_rhasspy-0627|En tant que nouveau, il y a un truc en plus
fr_rhasspy-0630|En trois heures j’eus visité non-seulement la ville, mais ses environs.
fr_rhasspy-0631|En un clin d’œil la robe de soie la couvrit.
fr_rhasspy-0632|En un instant je fus prêt.
fr_rhasspy-0633|Un peu devant eux.
fr_rhasspy-0634|On est pas malades.
fr_rhasspy-0636|Bref, il était huit heures trente-cinq
fr_rhasspy-0637|Un poulpe gigantesque, peut-être ?
fr_rhasspy-0638|Bref, je suis tout le monde et personne en particulier.
fr_rhasspy-0639|La nuit vint, mais le yacht ne fit aucun signal de reconnaissance !
fr_rhasspy-0640|c’est le grand duo, et il est mené allegro.
fr_rhasspy-0641|Brutal, sanguin, il avait conçu pour son adversaire une haine orgueilleuse, féroce.
fr_rhasspy-0642|Enfin il aperçut une échappée de mer.
fr_rhasspy-0643|Enfin la roche va pouvoir trouver un peu de repos.
fr_rhasspy-0644|Un rôle aussi important que le leader, mais qu’on connait bien mal.
fr_rhasspy-0645|Burker King c'est meilleur que le MacDo non ?
fr_rhasspy-0646|Buteau parut sur le seuil de la cuisine.
fr_rhasspy-0647|Non, mais elle chante.
fr_rhasspy-0648|La pendule marquait deux heures et demie.
fr_rhasspy-0649|Non, monsieur Cyrus, répondit le marin
fr_rhasspy-0650|Un silence dans lequel tous les mots ont la même valeur.
fr_rhasspy-0651|Un silence extraordinaire régnait dans l’immense galerie.
fr_rhasspy-0653|La petite a force et courage, et elle nous servira d’ange gardien.
fr_rhasspy-0654|Enfin… uniquement si le maître d’œuvre est d’humeur clémente.
fr_rhasspy-0655|Un soldat montra au roi une serpe qu’on avait saisie sur le truand.
fr_rhasspy-0656|Un sourd grognement des haveurs accueillit ces paroles.
fr_rhasspy-0657|La peur de l'enfer le gardait mieux jadis contre la tentation.
fr_rhasspy-0658|Enguerrand tente de rester digne, pour ne pas perdre la figure.
fr_rhasspy-0659|Enguerrand utilisait tous les subterfuges du « web-rédactionnel ».
fr_rhasspy-0660|La plaie saignante s’était ravivée en lui.
fr_rhasspy-0661|Non, vas-y balance, il conclut quoi ton machin ?
fr_rhasspy-0662|Enlèves-en une dizaine, pour les essais.
fr_rhasspy-0663|Non, écoute, mon vieux, ne blague pas.
fr_rhasspy-0664|Un vague pressentiment de malheur courait dans les veines du spoliateur.
fr_rhasspy-0665|Un vieux canonnier à barbe grise.
fr_rhasspy-0666|C'est la suite d'un film qui m'a beaucoup plu.
fr_rhasspy-0667|La plupart des foulards jaunes se voient déjà en blouse d'infirmières.
fr_rhasspy-0668|C'est le phylloxera qui détruisit la vigne française en mille-neuf-cent-dix.
fr_rhasspy-0669|Entendant ces braves et amoureuses paroles, Bonne se leva soudain.
fr_rhasspy-0670|La pointe de France la plus proche est le cap Flamanville.
fr_rhasspy-0671|Nos oreilles et nos yeux en sont pleins.
fr_rhasspy-0672|La porte de la chambre s’ouvrit en tournant sur ses gonds huilés.
fr_rhasspy-0673|C'est notre seule chance d'arriver à nous libérer d'eux.
fr_rhasspy-0674|Entrent avec bruit Jeppo et Maffio.
fr_rhasspy-0675|Notre cause est juste, nous pillerons Notre-Dame, et tout sera dit.
fr_rhasspy-0676|Enveloppele d'un costume et d'un flegme anglais.
fr_rhasspy-0677|Envie d’exploser en mode Godzilla dans ce monastère de sérénité.
fr_rhasspy-0678|Envoyez-moi le bosseman, Walter, » dit le second
fr_rhasspy-0680|C'est un hussard de l'Empereur qui régale !
fr_rhasspy-0681|Une chandelle qui brille n’attire pas qu’un moucheron.
fr_rhasspy-0682|Espagne, la Russie, l’Autriche, la Prusse, la France !
fr_rhasspy-0683|l'espagnol sonna deux fois.
fr_rhasspy-0684|Essayant encore de tendre la main au Roi.
fr_rhasspy-0685|Nous allons vous introduire à l'Hôtel de Ville.
fr_rhasspy-0686|Page quatre-vingt-trois.
fr_rhasspy-0687|Une demi-heure après le dernier exploit du Canadien
fr_rhasspy-0688|Est-ce qu'elle va se baigner ?
fr_rhasspy-0689|Une dépêche télégraphique
fr_rhasspy-0690|Nous avons fait ce qu’il nous était demandé : aiguiller les pensées.
fr_rhasspy-0691|Nous avons fait queue en notre temps !
fr_rhasspy-0692|Est-ce que Ghislain a fait le même lien ?
fr_rhasspy-0693|Nous avons nos épieux ferrés, dit Cyrus Smith
fr_rhasspy-0694|Est-ce que ces wapitis ont une valeur commerciale ?
fr_rhasspy-0695|Nous croyions qu’un but commun rassemblerait les NoéNautes.
fr_rhasspy-0696|Une épaisse voûte de nuages de teinte uniforme s’arrondissait au-dessus de nous.
fr_rhasspy-0697|Une fameuse ressource que Hans nous a procurée là !
fr_rhasspy-0698|Capitaine, répondis-je, je me contente d’admirer.
fr_rhasspy-0699|Nous en avons couru… nous en courrons bien d’autres, John !
fr_rhasspy-0700|La résille vert fluo qui masque ses genoux d’homme.
fr_rhasspy-0701|Nous essayerons, Axel, car il faut pénétrer tous les secrets de ces régions nouvelles.
fr_rhasspy-0702|La seconde porte, qui donnait directement sur la cour, s’ouvrit alors devant eux.
fr_rhasspy-0703|Car le général était adroit, bien que vindicatif et hargneux.
fr_rhasspy-0704|Car seule certitude qui nous reste ça va nous tomber dessus.
fr_rhasspy-0706|Nous étions étendus depuis une heure dans cette grotte charmante.
fr_rhasspy-0707|Est-ce que tu l’aimes mieux qu’Euphrasie ?
fr_rhasspy-0708|Car vous enseignez tout, et vous ignorez tout !
fr_rhasspy-0709|Une foule de passagers encombrait déjà le pont du Saint-John.
fr_rhasspy-0710|La situation des colons était désespérée
fr_rhasspy-0711|Nous ferons comme eux, et nous le nommerons ainsi dans l’occasion.
fr_rhasspy-0712|Nous franchissons les quatorze volumes de Clarisse Harlowe avec un bouquet.
fr_rhasspy-0713|Il est en Espagne dit Contenson
fr_rhasspy-0714|Nous influençons notre noble maîtresse.
fr_rhasspy-0715|La solitude dans le bowling-green était si paisible que
fr_rhasspy-0718|Une huée jaillit des magasins entr'ouverts.
fr_rhasspy-0719|Est-ce un Anglais ?
fr_rhasspy-0720|Une horloge frappe un coup.
fr_rhasspy-0721|Nous ne sommes pas sous un roi.
fr_rhasspy-0722|La table fut mise sur un large panier plat.
fr_rhasspy-0723|Ce cabinet était un véritable musée.
fr_rhasspy-0724|La tension se relâche un peu.
fr_rhasspy-0725|Et Monsieur d’Avezac !
fr_rhasspy-0726|Fogg ferma tranquillement la porte.
fr_rhasspy-0727|Ce crowdfunding, son succès, reposent sur deux choses simples.
fr_rhasspy-0728|Nous prenons passage sur l’Abraham-Lincoln…
fr_rhasspy-0729|Et alors, nous enrôlerons les peuples sous la bannière d'une seule foi.
fr_rhasspy-0730|Ce dialogue biblique dura une demi-heure environ.
fr_rhasspy-0731|Nous restons surpris, stupéfaits, épouvantés, en présence de ce troupeau de monstres marins.
fr_rhasspy-0732|Une moire, à larges raies, se dessinait régulièrement sur les flots onduleux.
fr_rhasspy-0734|Nous saluons celui qui s’agenouille.
fr_rhasspy-0735|Et avec… euh non, rien.
fr_rhasspy-0736|Et bien, oui, Monsieur Fogg, je parie quatre livres !
fr_rhasspy-0737|La végétation gagna peu à peu.
fr_rhasspy-0738|La végétation retarde quelquefois, la mode jamais.
fr_rhasspy-0739|Nous sommes des naufragés charitablement recueillis à votre bord, nous ne l’oublierons pas.
fr_rhasspy-0740|La vérité est que Wilmore avait gagné, mais d’une demi-tête à peine.
fr_rhasspy-0742|Ce fut le six juin mille huit cent trente-cinq, un mardi…
fr_rhasspy-0743|Et cesse de caresser ces piments de manière suggestive, tu fais un peu peur.
fr_rhasspy-0744|Ce fut une besogne atroce.
fr_rhasspy-0745|Et combien prenez-vous pour tuer un galant ?
fr_rhasspy-0746|Et comme toute bonne commère, elle ne sait pas tenir sa langue bien longtemps.
fr_rhasspy-0747|Nous vous suivrons, Will Mitz… dit Magnus Anders.
fr_rhasspy-0748|Une salve déchira l'air.
fr_rhasspy-0749|Une selle Sur un cheval de bois !
fr_rhasspy-0750|Nous étions peu ou prou avertis d’où nous mettions les pieds.
fr_rhasspy-0751|Et c’est pour ça qu’il va avoir le choix.
fr_rhasspy-0752|Ce jour-là, l’ingénieur en chef fit l’essai des chaudières.
fr_rhasspy-0753|Laffitte, dont il alla prendre congé, le retint un peu.
fr_rhasspy-0754|Néanmoins il se gardait évidemment d'inviter Omer à Meudon plus que le nécessaire.
fr_rhasspy-0755|mon oncle, répondis-je, non moins stupéfait.
fr_rhasspy-0757|Une visite grastronomique des villes nous menant au sud-ouest.
fr_rhasspy-0758|Ce mot, on le comprend.
fr_rhasspy-0759|Et enfin, interrompit le Tourangeau, quelle chose tenez-vous vraie et certaine ?
fr_rhasspy-0760|N’importe comment, j’y serai toujours bien
fr_rhasspy-0771|Ce ne fut point une petite affaire.
fr_rhasspy-0772|Ursus et Homo avaient vieilli.
fr_rhasspy-0773|Ursus improvisait ici une insondable combinaison de philosophie et de religion.
fr_rhasspy-0774|Ce nœud glissa jusqu’aux nageoires caudales et s’y arrêta.
fr_rhasspy-0775|dab, tu t’es donc fait sanglier ?
fr_rhasspy-0776|Ce n’est pas assez de deux yeux pour admirer une pareille pierre !
fr_rhasspy-0777|des drogues terribles.
fr_rhasspy-0778|est-il gros !
fr_rhasspy-0779|Et j’ajoute que les religieuses n’en approchent jamais.
fr_rhasspy-0780|Et la marée était basse, à ce moment
fr_rhasspy-0781|j’ai de bons yeux, l’ami.
fr_rhasspy-0782|Et la soupe, veux-tu que je la fasse, si tu rentres tard ?
fr_rhasspy-0783|Ce n’est pas sans motif, ma pauvre Madge !
fr_rhasspy-0784|Et le Jurassien était menuisier de métier !
fr_rhasspy-0786|Et le nom de « Hans-bach » fut aussitôt adopté.
fr_rhasspy-0787|Le Canadien, emporté par son caractère, y mit beaucoup d’animation.
fr_rhasspy-0788|Ce n’est pas un nuage.
fr_rhasspy-0789|Ce n’est pas une femme, c’est un bœuf.
fr_rhasspy-0790|Ce n’est point, autant qu’on le croit, de la « canaille bonne ».
fr_rhasspy-0791|Et les neuf sous disparurent.
fr_rhasspy-0792|comptez un peu, il me faudra encore vendre mes chemises.
fr_rhasspy-0793|Le Nautilus fournissait de longues bordées diagonales qui le portaient à toutes les hauteurs.
fr_rhasspy-0795|Vers la plateforme d’interprètes visiophone ou webcam.
fr_rhasspy-0796|Oh, pas aussi joli que les flashbacks de l’Effet Papillon.
fr_rhasspy-0797|Ce phlegmatique garçon était là comme chez lui !
fr_rhasspy-0799|Le Phileas Fogg baissa.
fr_rhasspy-0800|Omer fut heureux de cette victoire comme si elle était totale.
fr_rhasspy-0802|Et plus loin un crocodile monstrueux !
fr_rhasspy-0803|Le Saint-John s’était arrêté.
fr_rhasspy-0804|Le Taureau me regardait de son gros œil ardent.
fr_rhasspy-0805|Et pour le iv, à vrai dire…
fr_rhasspy-0806|Le U de la honte.
fr_rhasspy-0807|Et pourquoi je te donnerais la poule aux œufs d’or, alors ?
fr_rhasspy-0808|Le Yarou-Dzangbo-Tchou vous attendra toujours dans les montagnes du Tibet.
fr_rhasspy-0809|On a sous son talon un tressaillement d’entrailles humaines.
fr_rhasspy-0810|demanda vivement monsieur.
fr_rhasspy-0812|Le banquier, fréquemment, assistait aux réceptions du Palais-Royal.
fr_rhasspy-0813|On achevait à peine Saint-Jacques-de-la-Boucherie
fr_rhasspy-0815|Et puis, madame Charles est heureuse de revoir la maison.
fr_rhasspy-0817|Et quant à moi je souligne que c'est à Enguerrand.
fr_rhasspy-0818|On croit se souvenir, on oublie
fr_rhasspy-0819|Le brave matelot poussa un hurrah de satisfaction.
fr_rhasspy-0820|On dirait une sale blague d'étudiant rugbypède plein de bière.
fr_rhasspy-0821|… demanda John Howard.
fr_rhasspy-0822|On distingue un frisson de lueur autour d’elle.
fr_rhasspy-0823|Et quelques jours plus tard, sur le web, je tombe sur ce cliché.
fr_rhasspy-0824|On dut lui reprendre une pomme de terre pour Alzire.
fr_rhasspy-0825|On en prend un, on le goûte, on le trouve bon.
fr_rhasspy-0826|On en sent quelques-uns frissonner et trembler.
fr_rhasspy-0827|Le cap Bernouilli
fr_rhasspy-0828|Voici huit jours que j’attends une lettre d’elle.
fr_rhasspy-0829|Le capitaine John n’a pas perdu tout espoir, lui !
fr_rhasspy-0830|demanda Marguerite.
fr_rhasspy-0831|Et sa crainte d’y parvenir, d’en payer le prix au tarif fort.
fr_rhasspy-0832|On est bien chez vous, on y respire.
fr_rhasspy-0833|Le capitaine Nemo était devant moi, mais je ne le reconnus pas.
fr_rhasspy-0834|Et si on commandait une pizza ?
fr_rhasspy-0835|Ce soir, je te présenterai au maître, vous devriez bien vous entendre.
fr_rhasspy-0837|Et songes-y bien !
fr_rhasspy-0838|On était au mois d’octobre
fr_rhasspy-0839|Le capitaine donna l’or aux Chapuzot et ne revint plus.
fr_rhasspy-0840|Voiles aussitôt emportées que tendues.
fr_rhasspy-0841|On fit donc halte et on organisa le campement.
fr_rhasspy-0842|Et t'as guéri comment ?
fr_rhasspy-0843|On joua d’abord, car il fallait attendre environ deux heures.
fr_rhasspy-0844|Et toi, Pouhiou —d’ailleurs c’est ton vrai prénom ou un pseudo ?
fr_rhasspy-0845|Voilà cinq grands mois que je ne l'ai vue.
fr_rhasspy-0846|Le chariot s’inclina sous un angle inquiétant, page trois cent dix.
fr_rhasspy-0847|Voilà le ravitaillement qui arrive
fr_rhasspy-0848|On le regardait, on ne comprenait pas.
fr_rhasspy-0849|Ce varech, le varech-nageur ou porte-baie, forme principalement ce banc immense.
fr_rhasspy-0850|Ce vase-cloche peut prédire les tremblements de terre.
fr_rhasspy-0851|Le chat retiré de la bombe, page cent trente-huit.
fr_rhasspy-0852|Ceci convenait à Henri huit, mais à d’autres égards les lords le gênaient.
fr_rhasspy-0854|On lui lit en ce moment le rejet de son pourvoi, dit monsieur Gault.
fr_rhasspy-0855|Voire avec une loupe pour certains idéogrammes.
fr_rhasspy-0857|Et vous connaissez cette langue, John ?
fr_rhasspy-0858|Et vous, monsieur Aronnax, vous allez vous introduire dans ces habits-là ?
fr_rhasspy-0859|Le clerc salua lord Newcastle.
fr_rhasspy-0860|On ne renvoie pas les bons ouvriers.
fr_rhasspy-0861|Et, en effet, le jour des aveux était proche
fr_rhasspy-0862|Volontiers, ça me dérouillera un peu.
fr_rhasspy-0864|On ne s’occupe jamais assez de mes grandes lèvres.
fr_rhasspy-0865|Et, si vous étiez libre, que feriez-vous ?
fr_rhasspy-0868|Votre Honneur cherche un bateau ?
fr_rhasspy-0869|… fit observer Monsieur Horatio Patterson.
fr_rhasspy-0870|Excellent, et tous les ministres de Washington n’en imagineraient pas un meilleur.
fr_rhasspy-0871|Cela commence par un baiser, dit Blachevelle.
fr_rhasspy-0872|Votre cabinet du Muséum vous offre-t-il un repos aussi complet ?
fr_rhasspy-0873|Le commissaire la pria de les accompagner.
fr_rhasspy-0874|On observe un phénomène de singularité en temps fini
fr_rhasspy-0875|On parla de Bouvines et de Fontenoy comme d’hier, Austerlitz ayant vieilli.
fr_rhasspy-0876|On peut causer avec vous.
fr_rhasspy-0877|Fabantou, dit Jondrette !
fr_rhasspy-0878|Fabian était encore renfermé dans sa cabine.
fr_rhasspy-0880|On pouvait se passer d’eux.
fr_rhasspy-0881|Le coup avait-il ébranlé les dents, râpé la joue, tranché l'épaule ?
fr_rhasspy-0882|On prenait parti pour ou contre Cugnet de Montarlot.
fr_rhasspy-0883|On prenait tout, indistinctement, quitte à faire plus tard un triage de ces objets
fr_rhasspy-0884|Faire des cubes dans le calcaire.
fr_rhasspy-0885|On remit au lendemain les recherches géologiques
fr_rhasspy-0886|Fais gaffe, je peux te faire trinquer, hein !
fr_rhasspy-0887|Le couteau en se reployant vous coupe les doigts ; qu’importe !
fr_rhasspy-0888|On retroussa le linge barbouillé autour d'un ventre jaune.
fr_rhasspy-0889|Cela fit l'effet le plus déplorable parmi tous ces jeunes gens, Monsieur !
fr_rhasspy-0890|Cela impliquait de les retirer avant de donner le vêtement au pressing.
fr_rhasspy-0892|Le crissement des pneus qui dérapent.
fr_rhasspy-0895|On se retrouve dans cinq minutes en cuisine.
fr_rhasspy-0896|Jusqu’ici l’Histoire se répète avec une alarmante régularité !
fr_rhasspy-0897|Le deuxième de la maison Jaune.
fr_rhasspy-0898|On se souvient qu’il avait emporté ces chandeliers
fr_rhasspy-0899|On sentait bien que le balai faisait de la figuration.
fr_rhasspy-0900|On signala par tribord une petite goëlette.
fr_rhasspy-0902|On s’embarqua donc, et Pencroff poussa au large.
fr_rhasspy-0903|Vous avez bien une connaissance à Paris ?
fr_rhasspy-0905|Vous avez de bons yeux si vous le reconnaissez d’ici !
fr_rhasspy-0907|Le dimanche existe, reprit Fameuil.
fr_rhasspy-0908|Cela n’est pas possible, vois-tu, que je meure de ta main.
fr_rhasspy-0909|On trouve toujours ce qu’on ne cherche pas.
fr_rhasspy-0910|On trouve tout sur internet !
fr_rhasspy-0911|Cela peut être perturbant, nous préférons des candidats qui soient bien prédisposés
fr_rhasspy-0912|Fichez-nous donc la paix, avec votre science !
fr_rhasspy-0913|Cela se fit par un vague instinct de conservation.
fr_rhasspy-0914|On vient d’entendre gronder l’un et parler l’autre.
fr_rhasspy-0915|Fille de Jacques deux, qui était ingénu et féroce, elle était brutale.
fr_rhasspy-0916|Finalement, c’est l’instinct infantile qui prend le dessus.
fr_rhasspy-0918|On y attribuait l’invention de cette fable au cocher.
fr_rhasspy-0919|Florent allait et venait, dans l’odeur du thym que le soleil chauffait.
fr_rhasspy-0920|Le feu était allumé, et il serait facile de conserver des braises
fr_rhasspy-0921|Le feu était éteint
fr_rhasspy-0922|Cela « n’allait plus », pour employer l’expression du commissaire Passauf.
fr_rhasspy-0923|Or de bijou, dit-il en examinant une longue chaîne
fr_rhasspy-0924|Fous-moi la paix ou je tape !
fr_rhasspy-0925|Le gain n’excuse pas tout.
fr_rhasspy-0926|Celui où l'herbe n'est que de l'herbe.
fr_rhasspy-0927|Or, le pont ne pèse que huit cents tonnes.
fr_rhasspy-0929|Franz s’avança-t-il vers le chevet ?
fr_rhasspy-0930|Oreste à jeun et Pylade ivre
fr_rhasspy-0931|Orion leur a certainement offert un cadeau parfaitement inapproprié pour la petite.
fr_rhasspy-0932|Otageries Il existe des manuels pour tout.
fr_rhasspy-0934|Garde-la et prends-en soin.
fr_rhasspy-0935|Garderons-nous à notre premier campement ce nom de Cheminées, monsieur Cyrus
fr_rhasspy-0936|Soudain, un frisson me parcourt.
fr_rhasspy-0937|Gardons nos remarques pour nous et continuons notre besogne.
fr_rhasspy-0938|Ou je me trompe fort
fr_rhasspy-0939|Gavroche fixa un œil satisfait sur la couverture.
fr_rhasspy-0940|Vous laisserez-vous subjuguer sans vous défendre ?
fr_rhasspy-0942|Le hasard a une certaine indiscipline.
fr_rhasspy-0943|Ghislain, Indra, et même Aglaé.
fr_rhasspy-0944|Cependant le stewart, profitant de notre sommeil, avait desservi la table.
fr_rhasspy-0945|Gilliatt n’eut que le temps de se jeter sur le palanguin.
fr_rhasspy-0946|Le jugement, c’est le relatif.
fr_rhasspy-0947|répliqua le capitaine, ils lui préfèrent l’acide carbonique.
fr_rhasspy-0950|Le lac du Grand-Ours.
fr_rhasspy-0951|Good bye, capitaine Clubin.
fr_rhasspy-0952|Oui mais toi c’est pas pareil, Fulbert…
fr_rhasspy-0953|Oui ou non, veux-tu ouvrir ?
fr_rhasspy-0954|Grand, oui ; pur, non.
fr_rhasspy-0955|Le lendemain, il nous salue timidement et part rejoindre sa tournée.
fr_rhasspy-0956|Cependant, je revenais d’un pénible voyage, fatigué, avide de repos.
fr_rhasspy-0957|Cependant, j’examinais le curieux oiseau.
fr_rhasspy-0958|Oui, Pencroff, puisque vous l’avez baptisé ainsi
fr_rhasspy-0959|Graviter, c’est osciller.
fr_rhasspy-0962|Guerre de buissons ?
fr_rhasspy-0963|Cependant, le monstrueux troupeau s’approchait toujours.
fr_rhasspy-0964|Gwynpiaine continua : — Ah oui, je me rappelle un nom.
fr_rhasspy-0965|Moi je vous dis que c’est un chameau !
fr_rhasspy-0966|Vous voulez bien vous y prêter ?
fr_rhasspy-0967|Gwynplaine couvrait sa robe de baisers.
fr_rhasspy-0968|Cependant, les gallinacés se promenaient entre les hameçons, sans trop s’en préoccuper
fr_rhasspy-0969|Cependant, les eaux étaient calmes, et pas une ride n’en troublait la surface
fr_rhasspy-0970|Oui, j’ai voulu avoir un outil sous la main.
fr_rhasspy-0971|Vous ne vous quittiez guère pendant les vacances.
fr_rhasspy-0972|Oui, j’en sais plus long qu’eux ; ils se disaient cela tout bas.
fr_rhasspy-0975|Oui, le poison des Borgia !
fr_rhasspy-0977|Oui, mais ce n’est rien, dit Jean Valjean.
fr_rhasspy-0978|Hans se hisse au sommet du mât, mais ne signale aucun écueil.
fr_rhasspy-0979|Vous n’avez donc pas confiance en Monsieur Smith ?
fr_rhasspy-0980|Oui, monsieur Aronnax, répondit le capitaine Nemo.
fr_rhasspy-0981|Le marin considéra l’appareil, puis il regarda l’ingénieur sans prononcer un mot
fr_rhasspy-0982|Harbert ne revenait guère d’une excursion sans rapporter quelques végétaux utiles
fr_rhasspy-0983|Vous oubliez qui je suis…
fr_rhasspy-0984|Oui, on est si content, quand on s’aime un peu.
fr_rhasspy-0985|Vous outragez la religion.
fr_rhasspy-0986|Ces animaux ont besoin d’être soignés
fr_rhasspy-0987|Le marin, épaulant son fusil, ajusta rapidement un des singes, et fit feu
fr_rhasspy-0988|Hautevile-House, avril mille huit cent soixante-neuf.
fr_rhasspy-0989|Oui, oui, je l'ai un peu connu jadis.
fr_rhasspy-0990|direz-vous que je suis un balourd, une bête ?
fr_rhasspy-0991|Oui, partie avec un mineur du Pas-de-Calais.
fr_rhasspy-0992|Herming descendit l’escalier du logement.
fr_rhasspy-0993|Le merveilleux salon, toujours inondé de lumière, avait été fermé soigneusement
fr_rhasspy-0994|Le mieux était d’attendre.
fr_rhasspy-0995|Ces diminutions profitaient au peuple en augmentation.
fr_rhasspy-0996|Le moine Schwartz inventant la poudre, page cinquante et un.
fr_rhasspy-0997|Owen et sa troupe s’avancent sur nous.
fr_rhasspy-0998|Ces fautes d’orthographe sont vraiment énervantes.
fr_rhasspy-0999|Le moment était venu de quitter ma chambre et de rejoindre mes compagnons.
fr_rhasspy-1000|Ces goujats m'avaient lassé.
fr_rhasspy-1001|Hobbart a sagement agi.
fr_rhasspy-1002|Où un abat-jour est si poussiéreux qu'il appelle notre maniaque du plumeau.
fr_rhasspy-1003|Homo cogna doucement de sa queue le plancher du pont.
fr_rhasspy-1005|Hourdequin, ayant empli son verre, le vida d’un trait.
fr_rhasspy-1006|Ces mémoires gravées portent chacune un trait du fusain qui me croque.
fr_rhasspy-1007|Le naufrage avait paru extraordinaire, mais le sauvetage semblait impossible.
fr_rhasspy-1008|Ces personnes ont botté en touche, chacune à sa manière.
fr_rhasspy-1009|Ces propos venaient aux oreilles des imprimeurs assemblés devant la librairie.
fr_rhasspy-1010|Hum !
fr_rhasspy-1011|Ces réservoirs existent en abord dans les parties inférieures du Nautilus.
fr_rhasspy-1012|Par ces temps orageux, on ne sait trop sur quoi compter…
fr_rhasspy-1013|Par cette grande porte.
fr_rhasspy-1014|Ici il se passa quelque chose que Quasimodo ne vit pas bien.
fr_rhasspy-1016|Le onze octobre, le soleil ne reparut pas au-dessus de l’horizon.
fr_rhasspy-1017|Ces vêtements formaient pantalon et veste.
fr_rhasspy-1018|Ici, les tombes ne sont pas rangées au cordeau.
fr_rhasspy-1020|Par le jumping, ainsi que j’ai eu l’honneur de vous le dire.
fr_rhasspy-1021|Ces vieux soldats sont tout ensemble des tableaux et des livres.
fr_rhasspy-1023|Le panneau tournera sur ses gonds comme une porte.
fr_rhasspy-1024|Cet avocat et ce médecin étaient, en somme, deux personnages estimés.
fr_rhasspy-1025|Vous y croyez, docteur ?
fr_rhasspy-1026|Il en a déjà éprouvé un premier.
fr_rhasspy-1027|Parce que le palais Négroni touche au palais Borgia.
fr_rhasspy-1028|Cet homme avait une longue barbe grise.
fr_rhasspy-1031|m’écriai-je, vous, ici ?
fr_rhasspy-1032|Parce qu’il voulait savoir comment devenir un matelos.
fr_rhasspy-1036|Cet incident, cette dernière preuve, fit grand effet.
fr_rhasspy-1037|Pardon, mesdemoiselles, c’est de l’espagnol.
fr_rhasspy-1038|il a trop besoin de nous !
fr_rhasspy-1039|Le personnel funéraire aux souvenirs évasifs.
fr_rhasspy-1040|Cet « engin » compte quatre cylindres fixes, disposés horizontalement.
fr_rhasspy-1041|Cet épisode n’a en aucun cas été sponsorisé.
fr_rhasspy-1042|Le peuple l’y veut reprendre de vive force.
fr_rhasspy-1043|Voyez, ami Ned, voyez les monstrueux effets de l’intempérance !
fr_rhasspy-1044|Cette baie est heureusement disposée pour ce genre de pêche.
fr_rhasspy-1045|Cette banque en ligne propose des taux d’emprunt immobilier bien trop élevés.
fr_rhasspy-1046|Le père Fauchelevent
fr_rhasspy-1047|Parles-tu quelquefois à ces religieux ?
fr_rhasspy-1049|Il avait appris que l’ancien commissaire avait décommandé son repas.
fr_rhasspy-1050|Cette boulette tombe dans la cour.
fr_rhasspy-1051|Partager la maison avec eux lui fut un cauchemar.
fr_rhasspy-1052|Il avait conçu son système en modifiant une distribution de Linux.
fr_rhasspy-1053|Cette cave était à huit pieds en contre-bas
fr_rhasspy-1054|Partout les arêtes vives des roches volcaniques.
fr_rhasspy-1055|Partout où passe le vent
fr_rhasspy-1056|Le plaisir gagne toujours.
fr_rhasspy-1057|Il avait été de toutes les batailles pendant cette guerre de Sécession
fr_rhasspy-1058|Il avait la bouche pleine.
fr_rhasspy-1059|Cette discussion serait au moins oiseuse en ce moment.
fr_rhasspy-1060|Il avait l’amour.
fr_rhasspy-1061|Pas de faux départ à craindre, ce qui simplifiait le mandat du commissaire.
fr_rhasspy-1062|Voyons, reprit-il avec bonhomie, ne cherchez pas.
fr_rhasspy-1063|Le poulpe brandissait la victime comme une plume.
fr_rhasspy-1064|Pas de quoi troubler un commissaire priseur, quoi.
fr_rhasspy-1065|Cette fois, Will Mitz les suivit, non moins leste qu’eux.
fr_rhasspy-1066|Pas d’autre perspective que la mort de froid et de faim.
fr_rhasspy-1067|Pas d’homme qui n’essaie, si faible, et si insuffisant qu’il soit.
fr_rhasspy-1068|Vraiment tu es bien moins intelligente que je ne croyais !
fr_rhasspy-1069|Pas facile, quand tu occupes un manoir rempli de télépathes.
fr_rhasspy-1070|Le problème, c’est qu’il y a beaucoup de règles numéro un.
fr_rhasspy-1071|Il chercha Javert, mais il ne le vit pas.
fr_rhasspy-1073|Cette jouissance égotique de l’auto-mise en scène qui réussit.
fr_rhasspy-1076|Pas un fermier, pas un pêcheur qui ne sache lire et ne lise.
fr_rhasspy-1077|Cette nuance se comprendra.
fr_rhasspy-1078|Il coupa une branche d’arbre et en fit un palonnier.
fr_rhasspy-1079|Il courut donc au buffet.
fr_rhasspy-1080|Pas un ouvrage ne trahissait la main de l’homme.
fr_rhasspy-1081|Il croyait fort peu en Dieu.
fr_rhasspy-1082|Il crut entendre s’entre-heurter
fr_rhasspy-1083|Will Mitz reconnut ce cordage…
fr_rhasspy-1084|Cette phrase bizarre produisit sur le gamin un effet singulier.
fr_rhasspy-1085|Y a pas de gueux pareil pour les vices !
fr_rhasspy-1086|Passe-moi le torchon, que tu seras un cœur.
fr_rhasspy-1087|Y a-t-il une raison physique qui s’y oppose ?
fr_rhasspy-1088|Il donnait de petits coups emplis de dualité : tantôt rapides, tantôt langoureux…
fr_rhasspy-1089|Cette question me parut, pour le moins, très-oiseuse.
fr_rhasspy-1090|Cette rampe nous conduisit au bord de la rivière, presque entièrement obstruée de glaces.
fr_rhasspy-1091|Paulina Barnett n’auraient pu le dire, quand un choc violent se produisit.
fr_rhasspy-1092|Cette roche verticale n’avait pas de fin.
fr_rhasspy-1093|Il en faisait pourtant quelques-uns.
fr_rhasspy-1094|Le retour des filles prodigues.
fr_rhasspy-1095|Y’a même des labos pharmaceutiques qui s’arrachent mon adresse, mec.
fr_rhasspy-1096|Le rez-de-chaussée est consacré à l'accueil des convives.
fr_rhasspy-1097|Y’a un mec qui a pensé ces machins.
fr_rhasspy-1098|Pencroff ne put retenir un soupir de satisfaction.
fr_rhasspy-1100|Cette zone industrielle était un vrai cimetière.
fr_rhasspy-1101|Pendant ce mois de février, il ne se passa aucun événement de quelque importance
fr_rhasspy-1102|Pendant ce temps, Pencroff, Nab et le reporter s’occupaient de divers travaux
fr_rhasspy-1103|Pendant ce voyage, les Dupond n’avaient donc eu aucun motif de se plaindre.
fr_rhasspy-1104|Le roi lui fait signe qu’il n’a plus rien.
fr_rhasspy-1105|ajouta Cyrus Smith, voulez-vous nous donner votre main ?
fr_rhasspy-1106|Pendant deux heures, notre pêche fut activement conduite, mais sans rapporter aucune rareté.
fr_rhasspy-1107|Le réchauffement climatique
fr_rhasspy-1108|Pendant la nuit, les pompes ne peuvent plus franchir.
fr_rhasspy-1110|Il est mort, le lieutenant Walter !
fr_rhasspy-1111|Pendant tout ce temps, les deux interlocuteurs n’échangèrent pas une seule parole.
fr_rhasspy-1112|au monsieur bienfaisant de l’église Saint-Jacques-du-Haut-Pas.
fr_rhasspy-1114|au-dessus d’eux un consentement à les sauver.
fr_rhasspy-1115|Pente dont on ne voit que le premier plan.
fr_rhasspy-1116|Chaque chapitre de ce livre est un hexagramme du Yi-King.
fr_rhasspy-1117|Chaque jour a son grand chagrin ou son petit souci.
fr_rhasspy-1118|Le serveur versa dans les tasses le café fumant qu'on humait en silence.
fr_rhasspy-1119|Il est vrai que l’opération pouvait réussir, mais elle pouvait échouer aussi
fr_rhasspy-1121|Il exhibait fièrement un brassard fluo marqué du mot « police ».
fr_rhasspy-1122|Personne n’aime le jour comme l’aveugle.
fr_rhasspy-1123|Chaque élément abrite deux chevaucheurs de pensées : un Yin et un Yang.
fr_rhasspy-1124|avec un zèle au-dessus de tout éloge.
fr_rhasspy-1125|Le sloop fuyait au nord.
fr_rhasspy-1126|Il était magnifique d’audace, de joie et de conviction.
fr_rhasspy-1129|bien des couleuvres à faire avaler aux enseignants, bien des priorités inavouables
fr_rhasspy-1130|Peuchère, comment te décrire…
fr_rhasspy-1131|Il faisait drôlement attention en atteignant celui-ci, d’escalier.
fr_rhasspy-1132|c'est de tomber dedans en oubliant d'y croire.
fr_rhasspy-1133|Peut-être navigue-t-il seulement à la voile fit observer Pencroff
fr_rhasspy-1135|Le sommeil fut complet et consciencieux.
fr_rhasspy-1136|Peut-il me faire beau, bien fait, pareil aux autres ?
fr_rhasspy-1137|c'est pareil qu'un match de rugby en vrai.
fr_rhasspy-1138|Il fallait recourir au second sans tarder.
fr_rhasspy-1139|Chut !
fr_rhasspy-1140|Chuis certain que vous devriez bien vous entendre avec Léa.
fr_rhasspy-1141|Phileas Fogg, comme un cheval de course, arrivait au dernier tournant.
fr_rhasspy-1142|Philosophie de bas niveau.
fr_rhasspy-1144|Pied-de-Jacinthe montrait son œil récemment opéré de la cataracte.
fr_rhasspy-1145|Chut, fit Montparnasse, pas si haut !
fr_rhasspy-1146|Il faudra un vote du Parlement, une souscription nationale !
fr_rhasspy-1147|Pis pas question de zoomer pour lui compter les grains de beauté !
fr_rhasspy-1148|Le stewart étouffait sous sa main puissante.
fr_rhasspy-1149|Place du huit Mai.
fr_rhasspy-1150|Il faut avouer, Tony, que tu as de bons yeux…
fr_rhasspy-1151|Planches-tu ?
fr_rhasspy-1154|Plus de deux heures, pour le ramener de Cloyes !
fr_rhasspy-1155|ce sauvage en habit européen ne lui plaisait guère.
fr_rhasspy-1156|Claude Frollo enfin l’avait fait sonneur de cloches.
fr_rhasspy-1158|Le temps nous manquait pour observer ces phénomènes ; il fallait marcher.
fr_rhasspy-1159|Il faut interroger le capitaine Nemo, dit Conseil.
fr_rhasspy-1160|Plus loin, chez Maigrat, on gagnait des tabliers et des culottes, au billard.
fr_rhasspy-1161|Claude, tu es la mouche aussi !
fr_rhasspy-1162|Le temps se dégage un peu, me dit-il.
fr_rhasspy-1163|Plus nous approchons, plus la gerbe grandit.
fr_rhasspy-1164|Plus on grimpe haut, mieux on se protège.
fr_rhasspy-1165|Plus que de faire du yaourt dans un thé.
fr_rhasspy-1166|cent cinquante grammes de beurre ramolli
fr_rhasspy-1167|Il faut pourtant finir, je n’ai plus qu’un quart d’heure.
fr_rhasspy-1168|Combeferre prit la parole.
fr_rhasspy-1169|Combeferre rapporta le panier de cartouches ; Marius rapporta l’enfant.
fr_rhasspy-1170|Le tonnerre grondait sourdement.
fr_rhasspy-1171|Le tour de l’île Chapitre
fr_rhasspy-1172|Le travail m’attirait, par un ardent besoin de savoir.
fr_rhasspy-1174|Combien ça aurait de la gueule.
fr_rhasspy-1176|Le truand, oui ; le brigand, non.
fr_rhasspy-1177|Comme Louis quatorze, elle aimait que son carrosse galopât.
fr_rhasspy-1179|Il fit une pause, et dit : — Je mourrai dans trois heures.
fr_rhasspy-1180|Comme c’est heureux, les hommes !
fr_rhasspy-1181|Comme c’est simple, un miracle !
fr_rhasspy-1182|Pour interpréter tes collègues, tes camarades de classe, ta famille…
fr_rhasspy-1183|Il frappe la croupe de son cheval, lui intimant l’ordre d’avancer.
fr_rhasspy-1184|Pour la dernière fois, êtes-vous prêt ?
fr_rhasspy-1186|Pour le tirer de là, Bruine dut entorser deux ou trois sagesses du maître.
fr_rhasspy-1187|Il gardait imperturbablement la ligne loxodromique des bateaux à vapeur.
fr_rhasspy-1188|Le vent était tombé, et un silence absolu régnait sous les grands arbres
fr_rhasspy-1189|comment un incendie pouvait-il s’attaquer à ce vieil amoncellement de pierres ?
fr_rhasspy-1191|Il justifiait bien son nom de roi des tempêtes !
fr_rhasspy-1192|Le vent soufflait de l’est, et parfois avec la violence d’un ouragan.
fr_rhasspy-1193|Pour mon compte, je ne me désolai pas outre mesure.
fr_rhasspy-1195|Il la regarda attentivement tandis qu’elle parlait.
fr_rhasspy-1196|Pour obtenir le silence, il la laissa, fougueuse et satanique, agir.
fr_rhasspy-1197|Il le saisit, pour ainsi dire, tout entier d’un coup d’œil.
fr_rhasspy-1198|Comme nous venons de le dire, leur malheur fut plus grand qu’eux.
fr_rhasspy-1199|Il les accusa de lâcheté.
fr_rhasspy-1200|Comme on le pense bien, la joie de Pencroff fut unanimement et vivement partagée
fr_rhasspy-1201|c’était le soixante-quinzième jour écoulé depuis le départ de Londres.
fr_rhasspy-1202|Il leur rendait service avec fureur.
fr_rhasspy-1203|Le vingt-neuf janvier seize cent quatre-vingt-dix ?
fr_rhasspy-1204|Le voici, répondit le capitaine Nemo, en me montrant une carte de l’Archipel.
fr_rhasspy-1205|Comme sur la montée du grand huit.
fr_rhasspy-1206|dans un film d'auteur ou un blockbuster.
fr_rhasspy-1208|dans une loge du rez-de-chaussée.
fr_rhasspy-1209|Pourquoi cela dure autant qu’un humain moyen ?
fr_rhasspy-1211|Le whist fut impossible, car les tables fuyaient sous la main des joueurs.
fr_rhasspy-1212|Il mangea cependant, — sur le pouce, il est vrai, — mais enfin il mangea.
fr_rhasspy-1213|Pourquoi le Duncan croisait sur la côte est de la Nouvelle-Zélande
fr_rhasspy-1215|Il marche bien, le Speedy
fr_rhasspy-1216|La lecture, me parut avoir un attrait contestable.
fr_rhasspy-1217|Il me faut un oui ou un non…
fr_rhasspy-1218|Pourquoi ne nous promenons-nous pas au-dehors comme ce bolide ?
fr_rhasspy-1220|Les Anglais parlent de tuer deux oiseaux d'un seul caillou.
fr_rhasspy-1221|demanda-t-il vivement avec un zèle de linguiste
fr_rhasspy-1222|des files de voitures arrivaient, éternellement.
fr_rhasspy-1224|des rideaux cachent le bazard
fr_rhasspy-1227|Pourtant il se jugeait héroïque.
fr_rhasspy-1228|Pourtant la roche aime bien ces bruits des hommes.
fr_rhasspy-1229|Pourtant, ce semblant de banalité ne donne pas le change bien longtemps.
fr_rhasspy-1230|Pourtant, dans la nuit du dix-huit au dix-neuf juin il ne se passa rien.
fr_rhasspy-1231|deux chambres en haut, une cave et un jardin.
fr_rhasspy-1232|Pourvu que vos dirigeants de la maison Verte ne s’aperçoivent de rien…
fr_rhasspy-1233|deux cuilières à soupe d’huile de noisette
fr_rhasspy-1234|Il ne faisait pas vieux beau, ni endimanché, il était simplement élégant.
fr_rhasspy-1235|Comment arrêter ces sauvages fureurs ?
fr_rhasspy-1236|Premier dixain.
fr_rhasspy-1238|Les affaires sont dans la cour, les armoires sont ouvertes, rien dedans !
fr_rhasspy-1240|Comment destituer ses enfants d’un pareil avantage ?
fr_rhasspy-1241|Les arbalétriers, dans le jardin de l'auberge, rivalisaient d'adresse.
fr_rhasspy-1242|dit le capitaine Nemo au Canadien.
fr_rhasspy-1243|Prends-y garde, cela ne te regarde pas.
fr_rhasspy-1244|Presque aussitôt Top bondit dans le corral, dont la porte fut vivement refermée
fr_rhasspy-1246|Prodigue comme un voleur !
fr_rhasspy-1247|Promit-il, à l'éphèbe qui le menaça de son fusil vide.
fr_rhasspy-1248|Les bûchers ont disparu ; oui
fr_rhasspy-1249|elle fait passer la voix d'Arletty pour le délicieux gazouillis d'un canari.
fr_rhasspy-1250|Puis il fixa quelques instants une micro-caméra.
fr_rhasspy-1251|elle ne sait pas tenir sa langue bien longtemps.
fr_rhasspy-1252|Puis il marqua soigneusement ce point avec un piquet.
fr_rhasspy-1253|Les chairs de ses mollets furent bientôt un poids énorme.
fr_rhasspy-1254|elle sera ta compagne, ton espion.
fr_rhasspy-1255|Il ne veut pas que je craigne pour lui, ni que madame Magloire craigne.
fr_rhasspy-1256|Les chiens jappaient.
fr_rhasspy-1258|Les citoyens sont un attelage, et l’attelage n’est pas le cocher.
fr_rhasspy-1259|entre deux naufrages chimiques de ma conscience.
fr_rhasspy-1260|Les colons attendirent le retour de Top, non sans anxiété
fr_rhasspy-1262|Il voulut s'enfuir.
fr_rhasspy-1263|Les colons étaient prêts à faire feu
fr_rhasspy-1264|Il n’empêche, chère amie, il n’empêche.
fr_rhasspy-1266|Les colons, occupés aux Cheminées, accoururent aussitôt, craignant quelque fâcheux incident
fr_rhasspy-1267|il faut 
fr_rhasspy-1269|Puis, le soir venu, il me ramena au roc branlant de Terrapin-Tower.
fr_rhasspy-1270|Conseil revint à sa cabine mais le Canadien, l’air assez préoccupé, me suivit.
fr_rhasspy-1271|Puis, secouant la tête : Quelle hallucination !
fr_rhasspy-1272|Puis, s’échappant, elle disparut par l’arrière du roufle.
fr_rhasspy-1273|Les cous se sont étirés sans heurt.
fr_rhasspy-1274|Continuer notre voyage, au contraire, puisque tout a si bien marché jusqu’ici.
fr_rhasspy-1275|Continuons donc notre excursion, repris-je, mais ayons l’œil aux aguets.
fr_rhasspy-1276|Continuons à dérouler le fil de notre réponse.
fr_rhasspy-1277|Continuons-nous à aller en avant demanda le reporter.
fr_rhasspy-1279|Il n’y avait sur son visage ni honte, ni rougeur.
fr_rhasspy-1282|Il paraissait bouleversé, convulsionné par un exhaussement violent des couches inférieures.
fr_rhasspy-1283|Les deux chevaux encensaient pour chasser de leurs crinières les gouttes d'eau.
fr_rhasspy-1285|Quand il change jusqu’à la serrure de la grille.
fr_rhasspy-1286|Les deux femmes occupaient le premier.
fr_rhasspy-1287|Quand il fut un peu loin, ils le huèrent en tambourinant sur leurs cartables.
fr_rhasspy-1288|Les deux navires reprirent leur route au plus près, courant vers les plages mexicaines
fr_rhasspy-1289|Quand la nuit vient, personne ne garde son coin de jour.
fr_rhasspy-1290|Il pose un genou à terre.
fr_rhasspy-1291|Les disquettes sont tombées aux oubliettes.
fr_rhasspy-1292|Quand les morts gueulent, les vivants se taisent.
fr_rhasspy-1293|et vous me direz s’il peut y avoir deux opinions là-dessus !
fr_rhasspy-1294|et y a-t-il de la paternité dans son aveuglement volontaire.
fr_rhasspy-1295|étant soi-même déjà vieux, on l’aime.
fr_rhasspy-1296|Quand on savait s’y prendre, un logeur devenait une excellente affaire.
fr_rhasspy-1297|Les enfants étaient hors de contrôle.
fr_rhasspy-1298|Quand tu m’as demandé mon aide tant tu avais peur.
fr_rhasspy-1300|façon puzzle, comme il se disait dans les films d’Audiard.
fr_rhasspy-1301|Quand t’as eu des hémorroïdes, tu peux plus croire à la réincarnation.
fr_rhasspy-1302|Quand t’as plus de jambes, tu mets tes muscles dans les autres membres.
fr_rhasspy-1303|Il rendait souvent de menus services à des relations plus ou moins proches.
fr_rhasspy-1304|Il reprit plus haut encore : — Mademoiselle Esmeralda !
fr_rhasspy-1305|Curtius est-il un spectacle ?
fr_rhasspy-1306|Il restait absent un ou deux jours au plus.
fr_rhasspy-1307|Les frémissements de l’hélice troublaient seuls le silence profond qui régnait à bord.
fr_rhasspy-1308|Les fuyards n’eurent plus autour d’eux que la mer.
fr_rhasspy-1311|Les gazelles ne servent qu'à nourrir les lions.
fr_rhasspy-1312|Les grains de sables visent les huîtres.
fr_rhasspy-1313|Cyrus Smith, y trempant la main, trouva ces eaux onctueuses au toucher
fr_rhasspy-1314|Cyrus vit-il encore ?
fr_rhasspy-1315|Les histoires qui se nouent dans nos têtes.
fr_rhasspy-1316|Les hommes ne sédimentent pas, ou si peu.
fr_rhasspy-1317|Il se frotta les yeux, il se leva.
fr_rhasspy-1318|Les hommes étaient ravis, sauf deux ou trois de mes mignons.
fr_rhasspy-1320|Il se lève, baisse la tête, et énonce son accord du bout des lèvres.
fr_rhasspy-1322|il plante un clou sur le mur avec un marteau
fr_rhasspy-1323|C’est aujourd’hui mercredi des cendres ; mais pas pour les oiseaux.
fr_rhasspy-1324|Il se sentait de moins en moins ouvrier et de plus en plus belluaire.
fr_rhasspy-1325|Les journaux ont attribué ça à l’ingestion de porc.
fr_rhasspy-1326|Que les choses ont été soigneusement réfléchies.
fr_rhasspy-1327|car il me cache un secret.
fr_rhasspy-1328|Les loups eux-mêmes venaient jusqu’à portée de fusil… page trois cent six.
fr_rhasspy-1329|Les mains puant le savon à la pomme.
fr_rhasspy-1330|Il servait à la fois d’intermédiaire et d’expert dans les transactions.
fr_rhasspy-1331|Que pouvais-je faire ?
fr_rhasspy-1332|Il souffrait horriblement de la soif.
fr_rhasspy-1333|Les massacres de la Nouvelle-Zélande
fr_rhasspy-1334|Les matelots injuriaient le monstre, qui, d’ailleurs, dédaignait de leur répondre.
fr_rhasspy-1336|C’est ce gueux de Paris qui vous noircit la mine comme ça.
fr_rhasspy-1337|Il s’agit sans doute de sauvegarder votre situation en Angleterre.
fr_rhasspy-1338|Que veut le capitaine James Brown ?
fr_rhasspy-1340|Que veux-tu dire
fr_rhasspy-1341|Il s’y dilatait comme un oiseau au soleil.
fr_rhasspy-1342|Il s’y trouve bien des douleurs.
fr_rhasspy-1343|Que voulez-vous de plus, mon digne bushman ?
fr_rhasspy-1344|Il tomba dans le servantisme le plus minutieux et le plus astringent.
fr_rhasspy-1345|C’est ce qui vous trompe, monsieur le professeur, répondit Ned.
fr_rhasspy-1346|Les mythologistes en eussent fait, avec raison, la bouche de leur enfer.
fr_rhasspy-1347|Que vous faut-il de temps pour faire ce trajet et revenir au campement ?
fr_rhasspy-1348|Il va devoir être restauré, ce qui demande un énorme budget.
fr_rhasspy-1351|Il va sans dire que les quatre canons étaient en parfait état
fr_rhasspy-1352|je vais commencer la rénovation de la cuisine
fr_rhasspy-1353|C’est dans mon appartement qu’on déjeune aujourd’hui, tu le sais ?
fr_rhasspy-1354|Quel domestique, Nab, quel domestique !
fr_rhasspy-1355|je vous disais : Vivez, régnez, Madame !
fr_rhasspy-1356|C’est dire si on ne se fout pas de ta trougne.
fr_rhasspy-1357|s’écria Fergusson ; Dieu soit loué !
fr_rhasspy-1359|Il vous regarde : c’est un borgne.
fr_rhasspy-1360|C’est donc pour moi que tu jouais du bug pipe ?
fr_rhasspy-1361|Les passagères ne l’auraient pas entendu sans frémir.
fr_rhasspy-1363|C’est donc un fusil à vent ?
fr_rhasspy-1364|l'encrage fixe la porte
fr_rhasspy-1365|Les petits savoyards se le disaient et il en passait beaucoup.
fr_rhasspy-1366|Il y a des femmes qui sont bien heureuses !
fr_rhasspy-1367|C’est d’un cliché, dans leurs têtes.
fr_rhasspy-1368|l'équipe féminine obtient un nouveau prix
fr_rhasspy-1369|mes bons saints du paradis, quelle histoire !
fr_rhasspy-1370|Il y a en même un qui époussette un abat-jour.
fr_rhasspy-1371|Il y a huit ans !
fr_rhasspy-1372|la citerne d'eau est pleine
fr_rhasspy-1373|Quelques corneilles volent dans le couchant.
fr_rhasspy-1374|Il y avait dans ce sentiment un certain orgueil inexplicable.
fr_rhasspy-1375|C’est impossible, mon cher Spilett
fr_rhasspy-1376|Quelques lichens de l’espèce Usnea melanoxantha s’étalaient sur les roches noires.
fr_rhasspy-1377|la mezzanine permet d'avoir plus de rangement
fr_rhasspy-1378|Quelques pas véloces le soustraient à son cavalier, qui choit avec disgrâce.
fr_rhasspy-1379|Les quatre autres fusils furent répartis entre Cyrus Smith, Nab, Pencroff et Harbert
fr_rhasspy-1380|la pièce en mille huit cent trente-trois.
fr_rhasspy-1381|Quelques volutes de vapeur blanche se contournaient encore entre les branches des gommiers.
fr_rhasspy-1382|Quelques-uns avaient une longueur de quatre mètres.
fr_rhasspy-1383|Les rayons, oui ; le moyeu, non.
fr_rhasspy-1384|Quelques-uns de ses signes particuliers
fr_rhasspy-1385|Quelques-uns furent foudroyés sous mes yeux !
fr_rhasspy-1386|Les ronflements de la cataracte s’accentuaient, mais on ne l’apercevait pas encore.
fr_rhasspy-1387|Les roues sont éjectées et vont créer des surprises un peu plus loin.
fr_rhasspy-1388|Il y avait sur le seuil un fourmillement d’hommes et de femmes.
fr_rhasspy-1389|C’est la parole d’en haut.
fr_rhasspy-1390|C’est la place de l’ivresse et non de l’ivrognerie.
fr_rhasspy-1391|Quelqu’un s’est introduit par les toilettes.
fr_rhasspy-1392|Les sismographes joints ensembles sentent avec finesse la moindre perturbation, telle cette arrivée soudaine.
fr_rhasspy-1393|C’est la veuve d’un huissier.
fr_rhasspy-1394|Les soupapes furent chargées.
fr_rhasspy-1395|Qui a mangé le yaourt ?
fr_rhasspy-1396|Il y parvint, fut parfaitement heureux.
fr_rhasspy-1397|Les toilettes, question poignante.
fr_rhasspy-1398|C’est le hideux dans le joli !
fr_rhasspy-1399|Qui donc t’a mis en œuvre ?
fr_rhasspy-1400|Il était profondément heureux de la paix et de la propreté de la terre.
fr_rhasspy-1401|Les trois feuilles de scie, oui.
fr_rhasspy-1403|Les valses, visions, passent dans les miroirs.
fr_rhasspy-1404|le pot indique le nombre de couche de peinture à faire
fr_rhasspy-1405|C’est long, huit jours !
fr_rhasspy-1406|Qui rebondissent jusqu'à une ancienne légende chinoise.
fr_rhasspy-1408|Ils enfourchent jusqu’aux lanternes de la voiture.
fr_rhasspy-1409|Ils étaient décidés à suivre Top jusqu’où l’intelligent animal voudrait les conduire
fr_rhasspy-1410|Qui sait si, avant huit jours, tous ceux que le radeau porte…
fr_rhasspy-1411|le séchoir n'a pas de place dans le garage
fr_rhasspy-1412|Qui étouffe un gloussement de fierté avant de reprendre.
fr_rhasspy-1415|Quiconque aime est orthodoxe.
fr_rhasspy-1417|C’est l’épreuve positive que j’en donne ici.
fr_rhasspy-1418|après trois heures de promenade sur une route si facile !
fr_rhasspy-1419|C’est l’inadapté que le héros va prendre sous son aile.
fr_rhasspy-1420|C’est l’œil sec.
fr_rhasspy-1421|les deux vaisseaux quittèrent ces funestes parages.
fr_rhasspy-1422|Leur fourmillement indigne presque.
fr_rhasspy-1423|les effets de reliefs ne sont pas voulus
fr_rhasspy-1424|Leur mine martiale persuadait Omer de se ressaisir.
fr_rhasspy-1425|Ils n’avaient pu la veille visiter ces deux villes…
fr_rhasspy-1426|Ils s'aimaient davantage, chaque année, la fine Bordelaise et le chimiste pansu.
fr_rhasspy-1427|Ils savent ce qu’ils ont à faire.
fr_rhasspy-1428|Ils se chauffent ; beau plaisir !
fr_rhasspy-1429|Ils se chauffent volontiers au soleil.
fr_rhasspy-1430|Leurs yeux cherchaient en vain un lieu de refuge.
fr_rhasspy-1431|Levant les yeux au ciel.
fr_rhasspy-1432|Qu’en penses-tu, Barbicane ?
fr_rhasspy-1434|Ils s’amusent avec les courtiers, voyagent à Washington pour détourner du politique…
fr_rhasspy-1435|Loi du dimanche : chanter sans boire.
fr_rhasspy-1436|Longuement, à l'abri d'un tonneau de pierres, le prote méticuleux ajustait.
fr_rhasspy-1442|mais c'est avant tout une question de croyance.
fr_rhasspy-1443|mais c'est juste parce que j'étais en train de me noyer.
fr_rhasspy-1446|mais chaque jour la noosphère autour de nous s'excite un peu plus.
fr_rhasspy-1447|Lorsque la mauvaise saison serait venue, on aviserait.
fr_rhasspy-1448|Louis onze le regarda avec son œil pénétrant.
fr_rhasspy-1449|C’est prudent, car nous ne savons ce qui peut arriver.
fr_rhasspy-1451|mais sous ses tshirts amples et sa blouse d'infirmier.
fr_rhasspy-1452|mais soyez certaine que c’est de très loin la plus grande base existante.
fr_rhasspy-1453|Isaure dansa, non plus en jeune fille, mais en femme heureuse.
fr_rhasspy-1454|Lucien ne vous oubliera jamais !
fr_rhasspy-1455|Qu’est-ce qu’on se régale quand on vient chez vous !
fr_rhasspy-1456|Qu’était cette eau ?
fr_rhasspy-1459|C’est qu’ils avaient vécu, les deux gaillards !
fr_rhasspy-1460|C’est sa carrure, sa taille, mais… non… si…
fr_rhasspy-1461|Lui démontrait encore le besoin d'une discipline que prescrivit sa bouche furibonde.
fr_rhasspy-1462|J'ai payé soixante euros pour un jeu fini en deux heures.
fr_rhasspy-1463|Qu’importe que la terre soit rouge, la lune reste blanche.
fr_rhasspy-1464|Qu’on m’apporte un lac et un camion d’aspirine.
fr_rhasspy-1465|J'ai sacrifié de longues années à le préparer.
fr_rhasspy-1466|J'ai vu l'argument fatal qui démontre que le blog va continuer.
fr_rhasspy-1468|J'aime pas quand un gars regarde son téléphone au cinéma.
fr_rhasspy-1469|Lui-même se parut absurde et léger de caractère, jusqu'au comique.
fr_rhasspy-1470|J'en suis la preuve vivante.
fr_rhasspy-1471|Rapp feignit de n’avoir rien vu, afin de pouvoir rester.
fr_rhasspy-1472|nos trois bouches se donnent un baiser.
fr_rhasspy-1473|Jacques deux eut l’ambition louable d’être un roi efficace.
fr_rhasspy-1474|nous aurons le cap Mandibule-Nord et le cap Mandibule-Sud
fr_rhasspy-1475|C’est un des enseignements du maître : prêter attention.
fr_rhasspy-1476|nous avions regagné le rivage intérieur.
fr_rhasspy-1477|C’est un fameux original !
fr_rhasspy-1478|Rembrandt a de ces fonds de tableau.
fr_rhasspy-1479|n’as-tu pas déjà classé ces superbes échantillons de la faune marine ?
fr_rhasspy-1480|L’abbé de Cîteaux, général de l’ordre
fr_rhasspy-1481|Remportez-le, entendez-vous !
fr_rhasspy-1483|Rends-toi compte, Indra : je suis l’ensemble des souvenirs menant jusqu’à moi.
fr_rhasspy-1484|Rentrée de l’enfant prodigue de sa vie
fr_rhasspy-1485|L’acheteur, un grand pâlot, impressionné, s’en alla.
fr_rhasspy-1487|on entendit la voix de Nab qui appelait ses compagnons.
fr_rhasspy-1489|Restait à obtenir la longitude, pour compléter les coordonnées de l’île
fr_rhasspy-1490|Je cherche le site des impôts
fr_rhasspy-1491|Restait le haut de la corde.
fr_rhasspy-1492|Je cherche un bar sympa pour demain soir.
fr_rhasspy-1494|C’est un rentier, monsieur.
fr_rhasspy-1495|Je choisis le pistolet, dit Burlington.
fr_rhasspy-1496|C’est un secret extraordinaire.
fr_rhasspy-1498|Je crois fichtre bien !
fr_rhasspy-1499|ou une longue et fine feuille j'en fais ce que je veux.
